Date and Time of initial call,Date and time of Ranger response,Property,Location,Species Description,Call Source,Species Status,Animal Condition,Duration of Response,Age,Animal Class,311SR Number,Final Ranger Action,# of Animals,PEP Response,Animal Monitored,Rehabilitator,Hours spent monitoring,Police Response,ESU Response,ACC Intake Number
06/23/2021 09:20:00 AM,06/23/2021 09:20:00 AM,Judge Moses Weinstein Playground,Garbage can,Virginia Opossum,Central,Native,Healthy,2.25,Juvenile,Small Mammals-non RVS,311-06699415,ACC,1,FALSE,FALSE,NA,NA,FALSE,FALSE,119833
06/22/2021 03:00:00 PM,06/22/2021 03:00:00 PM,Travers Park,78th Street Plaza,Cat,Public,Domestic,Unhealthy,1,Adult,Domestic,NA,Unfounded,0,FALSE,FALSE,NA,NA,FALSE,FALSE,NA
06/22/2021 11:55:00 AM,06/22/2021 11:55:00 AM,Forest Park,Giovanelli Playground,Eastern Rat Snake,Central,Native,Healthy,2,Juvenile,Terrestrial Reptile or Amphibian,311-06691186,Relocated/Condition Corrected,1,FALSE,FALSE,NA,NA,FALSE,FALSE,NA
06/21/2021 02:02:00 PM,06/21/2021 02:02:00 PM,Queens Botanical Garden,Education building,Northern Cardinal,Central,Native,Injured,2.75,Juvenile,Birds,311-06682248,Rehabilitator,1,FALSE,FALSE,Wild Bird Fund,NA,FALSE,FALSE,NA
06/20/2021 02:30:00 PM,06/20/2021 02:45:00 PM,Udall's Park Preserve,Trail off of 247th St and 40th Ave,Chicken,Central,Domestic,Unhealthy,2,Adult,Domestic;#Birds,311-06668041,ACC,1,FALSE,FALSE,NA,NA,FALSE,FALSE,119706
06/19/2021 02:00:00 PM,06/19/2021 03:00:00 PM,Rockaway Beach and Boardwalk,On Beach 109th St,Dog,Central,Domestic,Healthy,3,Adult,Domestic,311-0665718,ACC,1,FALSE,FALSE,NA,NA,FALSE,FALSE,119644
06/17/2021 03:40:00 PM,06/17/2021 03:40:00 PM,Flushing Meadows Corona Park,Fountain of the Planets,Mallard Duck,Employee,Native,DOA,1.5,Adult,Birds,311-06634743,Submitted for DEC Testing,12,TRUE,FALSE,NA,NA,FALSE,FALSE,NA
06/15/2021 03:20:00 PM,06/15/2021 04:15:00 PM,Rockaway Beach and Boardwalk,Beach 43rd Street,Dog,Central,Domestic,N/A,1.5,Adult,Domestic,NA,Unfounded,0,FALSE,FALSE,NA,NA,FALSE,FALSE,NA
06/13/2021 02:10:00 PM,06/13/2021 02:12:00 PM,Flushing Meadows Corona Park,Near the Queens Zoo,Rock Dove,Employee,Native,Injured,2.5,Adult,Birds,311-06588447,ACC,1,FALSE,FALSE,NA,NA,FALSE,FALSE,119146
06/13/2021 10:30:00 AM,06/13/2021 11:39:00 AM,Alley Pond Park,Oakland Lake,Red-Eared Slider,Central,Invasive,DOA,1,Adult,Terrestrial Reptile or Amphibian,NA,Relocated/Condition Corrected,1,FALSE,FALSE,NA,NA,FALSE,FALSE,NA
06/13/2021 01:20:00 PM,06/13/2021 01:40:00 PM,Highland Park,Path west of the Ridgewood Reservoir,Raccoon,Employee,Native,Healthy,1,Adult,Small Mammals-RVS,NA,Monitored Animal,1,FALSE,TRUE,NA,0.75,FALSE,FALSE,NA
06/12/2021 12:00:00 PM,06/12/2021 01:10:00 PM,Astoria Park,Hoyt Ave N and 19th Street,Red-tailed Hawk,Central,Native,Injured,3,Juvenile,Raptors,NA,Rehabilitator,1,FALSE,FALSE,Bobby Horvath,NA,TRUE,FALSE,NA
06/10/2021 05:50:00 PM,06/10/2021 05:54:00 PM,Flushing Meadows Corona Park,Base of the Unisphere,Red-tailed Hawk,Central,Native,Injured,1.5,Juvenile,Raptors,311-06555702,Rehabilitator,1,FALSE,FALSE,Bobby Horvath,NA,FALSE,FALSE,NA
06/09/2021 11:24:00 AM,06/09/2021 02:00:00 PM,Alley Pond Park,Oakland Lake,Chicken,Central,Domestic,Healthy,1,Adult,Domestic;#Birds,NA,Unfounded,0,FALSE,FALSE,NA,NA,FALSE,FALSE,NA
06/09/2021 12:00:00 PM,06/09/2021 12:30:00 PM,406 Woodward Avenue,Found behind fence,American Kestrel,Public,Native,Injured,4,Juvenile,Raptors,311-06543897,Rehabilitator,1,FALSE,FALSE,Bobby Horvath,NA,FALSE,FALSE,NA
06/06/2021 01:00:00 PM,06/06/2021 01:10:00 PM,Rockaway Beach and Boardwalk,Rockaway Beach 124th Street,Herring Gull,Central,Native,Injured,2.5,Adult,Birds,3-11-06505650,ACC,1,FALSE,FALSE,NA,NA,FALSE,FALSE,118580
06/05/2021 12:00:00 PM,06/05/2021 01:30:00 PM,Rockaway Beach and Boardwalk,Beach 86th Street and Boardwalk,Laughing Gull,Employee,Native,Injured,3,Adult,Birds,311-06494215,ACC,1,FALSE,FALSE,NA,NA,FALSE,FALSE,118526
06/05/2021 11:02:00 AM,06/05/2021 11:05:00 AM,Rockaway Beach and Boardwalk,Boardwalk and B108th,Diamondback Terrapin,Employee,Native,Healthy,0.25,Infant,Terrestrial Reptile or Amphibian,NA,Advised/Educated others,1,FALSE,FALSE,NA,NA,FALSE,FALSE,NA
06/03/2021 05:30:00 PM,06/03/2021 05:31:00 PM,Forest Park,Skate Park,Blue Jay,Public,Native,Healthy,0.25,Infant,Birds,NA,Relocated/Condition Corrected,1,FALSE,FALSE,NA,NA,FALSE,FALSE,NA
06/03/2021 01:00:00 PM,06/03/2021 01:15:00 PM,Kissena Park,Kissena Lake,Mute Swan,Central,Invasive,Healthy,1.5,Adult,Birds,NA,Monitored Animal,1,FALSE,FALSE,NA,NA,FALSE,FALSE,NA
06/03/2021 09:15:00 AM,06/03/2021 11:00:00 AM,Cunningham Park,"Garage, lawnmower area",Raccoon,Central,Native,Healthy,1,Adult,Small Mammals-RVS,NA,Unfounded,0,FALSE,FALSE,NA,NA,FALSE,FALSE,NA
06/03/2021 08:30:00 AM,06/03/2021 08:35:00 AM,Juniper Valley Park,"40.71998157323772, -73.88377368998059     Running track",Raccoon,Central,Native,Injured,2.75,Adult,Small Mammals-RVS,311-06468820,ACC,1,FALSE,FALSE,NA,NA,FALSE,FALSE,118297
06/02/2021 11:30:00 AM,06/02/2021 11:30:00 AM,Forest Park,Skate Park,Blue Jay,Employee,Native,Healthy,0.5,Infant,Birds,NA,Relocated/Condition Corrected,1,FALSE,FALSE,NA,NA,FALSE,FALSE,NA
06/02/2021 07:55:00 AM,06/02/2021 07:55:00 AM,Fort Totten Park,Fort Totten Visitor Center,Warbling Vireo,Observed by Ranger,Native,Healthy,0.25,Adult,Birds,NA,Relocated/Condition Corrected,1,FALSE,FALSE,NA,NA,FALSE,FALSE,NA
06/01/2021 05:00:00 PM,06/01/2021 05:07:00 PM,Flushing Meadows Corona Park,Marina Parking Lot,Raccoon,Employee,Native,Healthy,1.25,Infant,Small Mammals-RVS,NA,Relocated/Condition Corrected,1,FALSE,FALSE,NA,NA,FALSE,FALSE,NA
05/23/2021 11:35:00 AM,05/23/2021 11:37:00 AM,Kissena Park,Kissena Lake,Python (Unknown),Employee,Exotic,Healthy,0.75,Adult,Terrestrial Reptile or Amphibian,NA,Unfounded,0,FALSE,FALSE,NA,NA,FALSE,FALSE,NA
05/21/2021 10:30:00 AM,05/21/2021 10:35:00 AM,Oak Grove Park,Oak Grove Park,Red-tailed Hawk,Employee,Native,Healthy,0.5,Juvenile,Raptors,NA,Monitored Animal,1,FALSE,TRUE,NA,0.5,FALSE,FALSE,NA
05/21/2021 01:50:00 PM,05/21/2021 01:55:00 PM,Forest Park,"Forest Park Dr on Myrtle Ave Bridge 40.702206184611015, -73.85073833150923",Raccoon,Employee,Native,Unhealthy,2.5,Juvenile,Small Mammals-RVS,311-06337387,ACC,1,FALSE,FALSE,NA,NA,FALSE,FALSE,160063
05/21/2021 08:45:00 AM,05/21/2021 08:45:00 AM,Forest Park,"Forest Park Shops, gated playground equipment area in front",Cat,Public,Domestic,Unhealthy,0.75,Adult,Domestic,NA,Monitored Animal,1,FALSE,FALSE,NA,NA,FALSE,FALSE,NA
05/20/2021 12:30:00 PM,05/20/2021 12:30:00 PM,Kissena Park,Kissena Lake,Python (Unknown),Employee,Exotic,Healthy,2.5,Adult,Terrestrial Reptile or Amphibian,NA,Unfounded,0,FALSE,FALSE,NA,NA,FALSE,FALSE,NA
05/19/2021 10:30:00 AM,05/19/2021 10:30:00 AM,Kissena Park,Rose and Oak Avenue,Mallard Duck,Central,Native,Healthy,0.5,Adult;#Infant,Birds,NA,Advised/Educated others,5,FALSE,FALSE,NA,NA,FALSE,FALSE,NA
05/19/2021 11:33:00 AM,05/19/2021 11:33:00 AM,Alley Pond Park,Oakland Lake,Canada Goose,Observed by Ranger,Native,Injured,0.5,Adult,Birds,NA,Monitored Animal,1,FALSE,FALSE,NA,NA,FALSE,FALSE,NA
05/12/2021 04:04:00 PM,05/14/2021 08:45:00 AM,Socrates Sculpture Park,Hallets Cove Beach,Mute Swan,Public,Invasive,Injured,3.5,Adult,Birds,311-06256970,Rehabilitator,1,FALSE,TRUE,Wild Bird Fund,2,FALSE,FALSE,NA
05/13/2021 11:15:00 AM,05/13/2021 11:16:00 AM,Kissena Park,Kissena Pond trail to the right of Rose Avenue and Oak Avenue,Mute Swan,Employee,Invasive,Healthy,0.75,Adult,Birds,NA,Advised/Educated others,2,FALSE,FALSE,NA,NA,FALSE,FALSE,NA
05/12/2021 04:04:00 PM,05/13/2021 09:00:00 AM,Socrates Sculpture Park,Hallet's Cove Beach,Mute Swan,Public,Invasive,Injured,2,Adult,Birds,NA,Monitored Animal,1,FALSE,TRUE,NA,1.5,FALSE,FALSE,NA
05/12/2021 04:04:00 PM,05/12/2021 04:34:00 PM,Socrates Sculpture Park,Hallet's Cove Beach,Mute Swan,Public,Invasive,Injured,2.5,Adult,Birds,NA,Monitored Animal,1,FALSE,TRUE,NA,1.25,FALSE,FALSE,NA
05/12/2021 08:45:00 AM,05/12/2021 09:00:00 AM,Rockaway Beach and Boardwalk,Between Beach 32-45,Dog,Employee,Domestic,Healthy,1.5,Adult,Domestic,NA,Unfounded,0,FALSE,FALSE,NA,NA,FALSE,FALSE,NA
08/12/2020 12:15:00 PM,08/12/2020 12:30:00 PM,Baisley Pond Park,111th Ave,Duck (Unknown),Central,Native,Injured,0.5,Adult,Birds,NA,Unfounded,0,FALSE,FALSE,NA,NA,FALSE,FALSE,NA
05/11/2021 11:10:00 AM,05/11/2021 11:10:00 AM,Alley Pond Park,Oakland Lake near Cloverdale Blvd and 46 Ave,Canada Goose,Observed by Ranger,Native,Unhealthy,0.5,Adult,Birds,NA,Monitored Animal,1,FALSE,FALSE,NA,NA,FALSE,FALSE,NA
05/10/2021 01:00:00 PM,05/10/2021 01:15:00 PM,Alley Pond Park Oakland Lake,Oakland Lake near Cloverdale Blvd and 46 Ave,Canada Goose,Central,Native,Injured,0.75,Adult,Birds,NA,Monitored Animal,1,FALSE,FALSE,NA,NA,FALSE,FALSE,NA
05/08/2021 02:30:00 PM,05/08/2021 03:15:00 PM,Flushing Meadows Corona Park,Fountain of the Planets,American Robin,Central,Native,Injured,3.5,Adult,Birds,311-06201210,Rehabilitator,1,TRUE,FALSE,Wild Bird Fund,NA,FALSE,FALSE,NA
05/08/2021 08:56:00 AM,05/08/2021 09:03:00 AM,Alley Pond Park,"White Trail 40.7496885, -73.7438607",Raccoon,Public,Native,Unhealthy,3.5,Juvenile,Small Mammals-RVS,311-06199923,ACC,1,FALSE,FALSE,NA,NA,FALSE,FALSE,158745
05/07/2021 10:27:00 AM,05/07/2021 10:30:00 AM,Forest Park,"Myrtle Ave and Freedom Dr 40.701828933636016, -73.84943537384547",Raccoon,Employee,Native,Unhealthy,2.5,Juvenile,Small Mammals-RVS,311-06190462,ACC,1,FALSE,FALSE,NA,NA,FALSE,FALSE,116342
05/05/2021 05:03:00 PM,05/06/2021 01:45:00 PM,Hallets Cove Park,Hallets Cove shoreline,Domestic Duck,Other,Domestic,Injured,4,Adult,Domestic;#Birds,311-06182201,Rehabilitator,1,FALSE,FALSE,Wild Bird Fund,NA,FALSE,FALSE,NA
05/04/2021 01:15:00 PM,05/04/2021 01:28:00 PM,Flushing Meadows Corona Park,Boathouse parking lot,Domestic Duck,Employee,Domestic,Injured,1,Adult,Domestic;#Birds,NA,Unfounded,0,FALSE,FALSE,NA,NA,FALSE,FALSE,NA
05/04/2021 08:30:00 AM,05/04/2021 08:44:00 AM,Alley Pond Park,"Oakland Lake, Cloverdale Blvd and 46 Ave",Canada Goose,Central,Native,Injured,1,Adult,Birds,NA,Monitored Animal,1,FALSE,FALSE,NA,NA,FALSE,FALSE,NA
05/03/2021 04:55:00 PM,05/03/2021 05:00:00 PM,Kissena Park,Near bocce courts,Domestic Goose,Central,Domestic,Injured,0.75,Adult,Birds,NA,Unfounded,0,FALSE,FALSE,NA,NA,FALSE,FALSE,NA
05/02/2021 10:45:00 AM,05/02/2021 10:45:00 AM,Flushing Meadows Corona Park,Pat Dolan Trail,Muskrat,Observed by Ranger,Native,DOA,0.25,Adult,Small Mammals-non RVS,NA,Relocated/Condition Corrected,1,FALSE,FALSE,NA,NA,FALSE,FALSE,NA
05/01/2021 04:40:00 PM,05/01/2021 04:50:00 PM,Broad Channel American Park,Parking Lot,Herring Gull,Central,Native,Injured,2,Adult,Birds,NA,Unfounded,0,FALSE,FALSE,NA,NA,FALSE,FALSE,NA
04/30/2021 12:00:00 PM,04/30/2021 12:00:00 PM,Rockaway Beach and Boardwalk,Shoreline and Beach 56th Place,Great Black-backed Gull,Employee,Native,Injured,2.5,Adult,Birds,311-06119641,ACC,1,FALSE,FALSE,NA,NA,FALSE,FALSE,115933
04/28/2021 11:35:00 AM,04/28/2021 11:35:00 AM,Forest Park,Behind Forest Park Visitor Center,American Robin,Observed by Ranger,Native,DOA,0.15,Infant,Birds,NA,Relocated/Condition Corrected,1,FALSE,FALSE,NA,NA,FALSE,FALSE,NA
04/26/2021 03:25:00 PM,04/26/2021 03:30:00 PM,Forest Park,"40.699907, -73.854678",Raccoon,Public,Native,DOA,0.25,Adult,Small Mammals-RVS,NA,Relocated/Condition Corrected,1,FALSE,FALSE,NA,NA,FALSE,FALSE,NA
04/27/2021 04:30:00 PM,04/28/2021 09:00:00 AM,Bayswater Park,Bay 32nd St and Beach Channel Dr,Cat,Central,Domestic,Unhealthy,1,Adult,Domestic,NA,Unfounded,0,FALSE,FALSE,NA,NA,FALSE,FALSE,NA
04/27/2021 06:00:00 PM,04/28/2021 08:30:00 AM,Forest Park,Golf course parking lot,Raccoon,Public,Native,DOA,0.5,Adult,Small Mammals-RVS,NA,Relocated/Condition Corrected,1,FALSE,FALSE,NA,NA,FALSE,FALSE,NA
04/27/2021 05:00:00 PM,04/27/2021 05:00:00 PM,Forest Park,"40.700348, -73.859968",Raccoon,Employee,Native,Injured,1.25,Juvenile,Small Mammals-RVS,311-06091747,ACC,1,FALSE,FALSE,NA,NA,FALSE,FALSE,115735
04/27/2021 08:54:00 AM,04/27/2021 09:15:00 AM,Highland Park,"Near the tennis courts, Jamaica Ave & Warwick St.",Virginia Opossum,Employee,Native,Unhealthy,1.25,Adult,Small Mammals-non RVS,311-06087023,ACC,1,FALSE,FALSE,NA,NA,FALSE,FALSE,115680
04/26/2021 03:15:00 PM,04/26/2021 03:20:00 PM,Forest Park,Mary Whalen Playground,Raccoon,Employee,Native,Unhealthy,0.5,Adult,Small Mammals-RVS,NA,Unfounded,0,FALSE,FALSE,NA,NA,FALSE,FALSE,NA
04/25/2021 02:40:00 PM,04/25/2021 02:40:00 PM,Baisley Pond Park,"155th St and 121st Ave, near Mother Carter Garden",Dog,Observed by Ranger,Domestic,Healthy,2,Adult,Domestic,311-06071632,ACC,1,FALSE,TRUE,NA,0.5,FALSE,FALSE,115612
04/24/2021 12:26:00 PM,04/24/2021 12:30:00 PM,Fort Totten Park,Building 134,Eastern Gray Squirrel,Public,Native,Healthy,3,Juvenile,Small Mammals-non RVS,311-06061449,Rehabilitator,3,FALSE,FALSE,Wild Bird Fund,NA,FALSE,FALSE,NA
04/23/2021 08:09:00 AM,04/23/2021 08:24:00 AM,Baisley Pond Park,"Lakeview Blvd E, between 118 Ave and 119 Ave",Raccoon,Employee,Native,Healthy,3,Infant,Small Mammals-RVS,311-06047542,Rehabilitator,5,FALSE,FALSE,Leslie Hyder,NA,FALSE,FALSE,NA
04/22/2021 05:00:00 PM,04/22/2021 05:03:00 AM,Flushing Meadows Corona Park,Tide Gate Bridge,Double-crested Cormorant,Public,Native,Injured,2,Adult,Birds,311-06043918,Rehabilitator,1,FALSE,FALSE,Wild Bird Fund,NA,FALSE,FALSE,NA
04/22/2021 12:00:00 PM,04/22/2021 12:00:00 PM,Bayswater Park,"40.59793021807102, -73.76807871895754",Atlantic Menhaden,Observed by Ranger,Native,DOA,0.5,Adult,Fish-numerous quantity,NA,Advised/Educated others,75,FALSE,FALSE,NA,NA,FALSE,FALSE,NA
04/21/2021 05:30:00 PM,04/21/2021 05:40:00 PM,Cunningham Park,210th St and 68th Ave,Eastern Gray Squirrel,Public,Native,DOA,1,Adult,Small Mammals-non RVS,NA,Advised/Educated others,1,FALSE,FALSE,NA,NA,FALSE,FALSE,NA
04/19/2021 05:00:00 PM,04/19/2021 05:05:00 PM,Alley Pond Park,Oakland Lake,Domestic Duck,Public,Domestic,Healthy,2.5,Adult,Birds;#Domestic,311-06014520,ACC,3,FALSE,FALSE,NA,NA,FALSE,FALSE,"115294, 115295, 115296"
04/18/2021 03:50:00 PM,04/18/2021 03:50:00 PM,Forest Park,Golf Course,Striped Skunk,Central,Native,Injured,0.75,Adult,Small Mammals-RVS,NA,Unfounded,0,FALSE,FALSE,NA,NA,FALSE,FALSE,NA
04/18/2021 10:15:00 AM,04/18/2021 10:45:00 AM,Mafera Park,65th Pl and 68th Ave,Eastern Gray Squirrel,Central,Native,DOA,0.5,Adult,Small Mammals-non RVS,NA,Unfounded,0,FALSE,FALSE,NA,NA,FALSE,FALSE,NA
04/15/2021 08:15:00 AM,04/15/2021 08:30:00 AM,Harvey Park,144th St and 20th Ave,European Starling,Public,Native,Healthy,0.5,Adult,Birds,311-05373062,Relocated/Condition Corrected,1,FALSE,FALSE,NA,NA,FALSE,FALSE,NA
04/13/2021 10:23:00 AM,04/13/2021 10:23:00 AM,Forest Park,Picnic area by bandshell,Raccoon,Employee,Native,Injured,2,Adult,Small Mammals-RVS,311-05954633,ACC,1,FALSE,FALSE,NA,NA,FALSE,FALSE,114863
04/12/2021 03:00:00 PM,04/12/2021 03:15:00 PM,Kissena Park,West side of Kissena Lake,Mute Swan,Public,Invasive,Healthy,0.75,Adult,Birds,NA,Advised/Educated others,0,FALSE,FALSE,NA,NA,FALSE,FALSE,NA
04/12/2021 02:35:00 PM,04/12/2021 02:51:00 AM,Little Bay Park,Comfort Station,Cat,Central,Domestic,Healthy,0.25,Adult,Small Mammals-non RVS,NA,Unfounded,0,FALSE,FALSE,NA,NA,FALSE,FALSE,NA
04/12/2021 11:44:00 AM,04/12/2021 11:54:00 AM,Flushing Meadows Corona Park,Olmstead Center behind the trailers,Cat,Employee,Domestic,Unhealthy,2,Adult,Small Mammals-non RVS,311-05946337,ACC,1,FALSE,FALSE,NA,NA,FALSE,FALSE,114808
04/11/2021 11:00:00 AM,04/11/2021 11:28:00 AM,Forest Park,Bandshell area,Raccoon,Central,Native,Injured,0.75,Adult,Small Mammals-RVS,NA,Unfounded,0,FALSE,FALSE,NA,NA,FALSE,FALSE,NA
04/10/2021 01:55:00 PM,04/10/2021 02:00:00 PM,Alley Pond Park,Alley Pond Environmental Center,Eastern Cottontail Rabbit,Central,Native,Healthy,1,Juvenile,Small Mammals-non RVS,311-05928593,Advised/Educated others,1,FALSE,FALSE,NA,NA,FALSE,FALSE,NA
04/09/2021 09:35:00 AM,04/09/2021 09:45:00 AM,Forest Park,"Forest Park Dr W, near where bandshell meets golf course",Raccoon,Employee,Native,Injured,0.75,Adult,Small Mammals-RVS,NA,Monitored Animal,1,FALSE,TRUE,NA,0.25,FALSE,FALSE,NA
04/09/2021 10:00:00 AM,04/09/2021 10:45:00 AM,MacDonald Park,Service road between 70 Ave and 70 Rd by Queens Blvd,Bird (Unknown),Central,Native,Injured,0.5,Adult,Birds,NA,Unfounded,0,FALSE,FALSE,NA,NA,FALSE,FALSE,NA
04/07/2021 09:30:00 AM,04/07/2021 09:40:00 AM,Forest Park,"40.695629, -73.863802",Raccoon,Employee,Native,Unhealthy,1.25,Adult,Small Mammals-RVS,311-05896343,ACC,1,FALSE,FALSE,NA,NA,FALSE,FALSE,114486
04/06/2021 01:00:00 PM,04/06/2021 01:00:00 PM,Forest Park,"40.701434, -73.841249",Raccoon,Employee,Native,Unhealthy,1.25,Adult,Small Mammals-RVS,311-05889098,ACC,1,FALSE,FALSE,NA,NA,FALSE,FALSE,114436
04/03/2021 05:00:00 PM,04/03/2021 05:15:00 PM,Alley Pond Park,Alley Pond Golf Center Mini Golf Course,Killdeer,Public,Native,Healthy,2,Adult,Birds,311-05863802,Unfounded,0,FALSE,FALSE,NA,NA,FALSE,FALSE,NA
04/03/2021 12:15:00 PM,04/03/2021 12:15:00 PM,Alley Pond Park,Oakland Lake,Mallard Duck,Central,Native,Unhealthy,1,Adult,Birds,NA,Unfounded,0,FALSE,FALSE,NA,NA,FALSE,FALSE,NA
04/02/2021 03:00:00 PM,04/02/2021 03:45:00 PM,Forest Park,Barbecue Area,Striped Skunk,Employee,Native,Injured,1,Adult,Small Mammals-RVS,NA,Unfounded,0,FALSE,FALSE,NA,NA,FALSE,FALSE,NA
03/29/2021 12:14:00 PM,03/29/2021 12:19:00 PM,Kissena Park,West side of the lake on a path between the two staircases,Raccoon,Employee,Native,Unhealthy,1.25,Adult,Small Mammals-RVS,NA,Unfounded,0,FALSE,FALSE,NA,NA,FALSE,FALSE,NA
03/29/2021 10:15:00 AM,03/29/2021 10:27:00 AM,Kissena Park,Kissena Lake,Mute Swan,Central,Invasive,Healthy,1,Adult,Birds,NA,Monitored Animal,1,FALSE,TRUE,NA,0.5,FALSE,FALSE,NA
03/27/2021 05:30:00 PM,03/27/2021 05:31:00 PM,Forest Park,Bandshell area,Striped Skunk,Central,Native,Healthy,1,Adult;#Juvenile,Small Mammals-RVS,NA,Monitored Animal,2,FALSE,TRUE,NA,0.5,FALSE,FALSE,NA
03/25/2021 10:30:00 AM,03/25/2021 10:32:00 AM,Forest Park,"40.701150,-73.857742  In front of Shops",Raccoon,Employee,Native,Unhealthy,1.5,Juvenile,Small Mammals-RVS,311-05781824,ACC,1,FALSE,FALSE,NA,NA,FALSE,FALSE,113745
03/23/2021 11:50:00 AM,03/23/2021 11:50:00 AM,Broad Channel American Park,"40.5955364, -73.8241701",Canada Goose,Observed by Ranger,Native,DOA,0.25,Adult,Birds,NA,Advised/Educated others,1,FALSE,FALSE,NA,NA,FALSE,FALSE,NA
03/17/2021 05:15:00 PM,03/17/2021 05:30:00 PM,Bowne Park,Near Bowne Lake,Canada Goose,Central,Native,Healthy,1.5,Adult,Birds,NA,Monitored Animal,1,FALSE,TRUE,NA,0.25,FALSE,FALSE,NA
03/16/2021 09:15:00 AM,03/16/2021 09:15:00 AM,Forest Park,"40.701110, -73.859041",Raccoon,Employee,Native,Unhealthy,1,Adult,Small Mammals-RVS,311-05696558,ACC,1,FALSE,FALSE,NA,NA,FALSE,FALSE,113251
03/11/2021 11:00:00 AM,03/11/2021 11:06:00 AM,Oakland Gardens,Cloverdale Blvd entrance to Oakland Lake,Red-Eared Slider,Employee,Invasive,Injured,1,Juvenile,Terrestrial Reptile or Amphibian,311-05649484,ACC,1,TRUE,FALSE,NA,NA,FALSE,FALSE,153730
03/11/2021 09:20:00 AM,03/11/2021 09:25:00 AM,Hoffman Park,Behind the concrete bleachers near 58th Ave and Hoffman Dr,Cat,Central,Domestic,Unhealthy,1.75,Adult,Domestic,311-05647659,ACC,1,FALSE,FALSE,NA,NA,FALSE,FALSE,112985
03/07/2021 07:53:00 AM,03/07/2021 08:09:00 AM,"Phil ""Scooter"" Rizzuto Park",Park,Chicken,Central,Domestic,Healthy,0.5,Adult,Domestic;#Birds,NA,Unfounded,0,FALSE,FALSE,NA,NA,FALSE,FALSE,NA
03/03/2021 11:25:00 AM,03/03/2021 12:30:00 PM,Crocheron Park,Golden Pond,Mute Swan,Public,Invasive,Injured,0.25,Adult,Birds,NA,Unfounded,0,FALSE,FALSE,NA,NA,FALSE,FALSE,NA
03/02/2021 04:33:00 PM,03/03/2021 04:45:00 PM,Forest Park,"Myrtle Ave and Park Lane South by 112th Street 40째42'08.1""N 73째50'24.6""W 40.702256, -73.840160",Raccoon,Employee,Native,Unhealthy,1.25,Adult,Small Mammals-RVS,311-05562057,ACC,1,FALSE,FALSE,NA,NA,FALSE,FALSE,112567
02/26/2021 03:55:00 PM,02/26/2021 04:00:00 PM,Oakland Gardens,Springfield Blvd and 47 Ave,Dog,Public,Domestic,Healthy,1,Adult,Domestic,NA,Unfounded,0,FALSE,FALSE,NA,NA,FALSE,FALSE,NA
02/26/2021 03:30:00 PM,02/26/2021 03:30:00 PM,St. Albans Park,"Central green opposite of Sayers Ave, base of large tree",Eastern Gray Squirrel,Observed by Ranger,Native,DOA,0.25,Adult,Small Mammals-non RVS,NA,Relocated/Condition Corrected,1,FALSE,FALSE,NA,NA,FALSE,FALSE,NA
02/24/2021 01:46:00 PM,02/24/2021 01:47:00 PM,Broad Channel American Park,Cross Bay Blvd and W 22nd Rd,Brant Goose,Observed by Ranger,Native,Injured,0.75,Adult,Birds,311-05505747,ACC,1,FALSE,FALSE,NA,NA,FALSE,FALSE,112291
02/23/2021 10:10:00 AM,02/23/2021 10:17:00 AM,St. Michael's Playground,Playground area near 31st Ave,Dog,Central,Domestic,Unhealthy,2.25,Adult,Domestic,31105495398,ACC,1,FALSE,FALSE,NA,NA,FALSE,FALSE,112219
02/17/2021 10:44:00 AM,02/17/2021 11:30:00 AM,Motor Parkway,209 St/Vanderbilt Motor Parkway,Chicken,Central,Domestic,Healthy,1.5,Adult,Birds;#Domestic,311-05446012,ACC,3,FALSE,FALSE,NA,NA,FALSE,FALSE,111947
02/16/2021 05:45:00 PM,02/17/2021 07:30:00 AM,Bowne Park,Bowne Lake,Canada Goose,Public,Native,Injured,2,Adult,Birds,NA,Unfounded,0,FALSE,FALSE,NA,NA,FALSE,FALSE,NA
02/10/2021 03:25:00 PM,02/10/2021 03:30:00 PM,Forest Park,"Dry Harbor parking lot (40.702206, -73.867878)",Raccoon,Employee,Native,Unhealthy,1,Adult,Small Mammals-RVS,311-05391600,ACC,1,FALSE,FALSE,NA,NA,FALSE,FALSE,111642
02/05/2021 05:15:00 PM,02/05/2021 05:20:00 PM,Broad Channel American Park,Parking lot btwn Broad Channel American Ballfields and Sunset Cove Park,Brant Goose,Central,Native,Injured,2.75,Adult,Birds,311-05345813,Rehabilitator,1,FALSE,FALSE,Wild Bird Fund,NA,FALSE,FALSE,NA
02/05/2021 10:20:00 AM,02/05/2021 10:25:00 AM,Crocheron Park,Cross Island Parkway side of Crocheron Park,Mute Swan,Observed by Ranger,Invasive,DOA,0.5,Adult,Birds,NA,Relocated/Condition Corrected,1,FALSE,FALSE,NA,NA,FALSE,FALSE,NA
01/30/2021 08:15:00 AM,01/30/2021 08:15:00 AM,Little Bay Park,Utopia Parkway and Cryders Lane entrance on the shoreline,Canada Goose,Observed by Ranger,Native,Injured,2,Adult,Birds,311-05281661,Rehabilitator,1,FALSE,FALSE,Wild Bird Fund,NA,FALSE,FALSE,NA
01/30/2021 08:15:00 AM,01/30/2021 08:15:00 AM,Little Bay Park,Utopia Parkway and Cryders Lane entrance on the shoreline,Canada Goose,Observed by Ranger,Native,Injured,1,Adult,Birds,311-05281661,Rehabilitator,1,FALSE,TRUE,Wild Bird Fund,0.75,FALSE,FALSE,NA
01/29/2021 08:50:00 AM,01/29/2021 08:50:00 AM,Little Bay Park,Utopia Parkway and Cryders Lane on the shoreline,Canada Goose,Observed by Ranger,Native,Injured,0.25,Adult,Birds,NA,Monitored Animal,1,FALSE,TRUE,NA,0.25,FALSE,FALSE,NA
01/28/2021 09:00:00 AM,01/28/2021 09:00:00 AM,Little Bay Park,Utopia Parkway and Cryders Lane on the shoreline,Canada Goose,Observed by Ranger,Native,Injured,0.5,Adult,Birds,NA,Monitored Animal,1,FALSE,TRUE,NA,0.5,FALSE,FALSE,NA
01/28/2021 09:00:00 AM,01/28/2021 09:00:00 AM,Little Bay Park,Utopia Parkway and Cryders Lane,Canada Goose,Observed by Ranger,Native,DOA,0.5,Adult,Birds,NA,Relocated/Condition Corrected,1,FALSE,FALSE,NA,0.5,FALSE,FALSE,NA
01/27/2021 01:20:00 PM,01/27/2021 01:30:00 PM,Cunningham Park,"Redwood Playground (40.726900, -73.775723)",Raccoon,Central,Native,Unhealthy,4,Adult,Small Mammals-RVS,311-05-25-12-82,ACC,1,FALSE,FALSE,NA,NA,FALSE,FALSE,150509
01/27/2021 09:30:00 AM,01/27/2021 09:33:00 AM,Kissena Park,Boathouse Garden,Raccoon,Central,Native,Unhealthy,1.5,Adult,Small Mammals-RVS,311-052-49-205,ACC,1,FALSE,FALSE,NA,NA,FALSE,FALSE,150443
01/25/2021 09:32:00 AM,01/25/2021 09:45:00 AM,Flushing Meadows Corona Park,Fountain of the Planets,Ring-Billed Gull,Employee,Native,Injured,2,Adult,Birds,311-05232645,ACC,1,FALSE,FALSE,NA,NA,FALSE,FALSE,110940
01/23/2021 04:35:00 PM,01/23/2021 04:35:00 PM,Crocheron Park,Golden Pond,Mute Swan,Central,Invasive,Unhealthy,4,Adult,Birds,311-05216613,Rehabilitator,1,FALSE,FALSE,Wild Bird Fund,NA,FALSE,FALSE,NA
01/23/2021 11:45:00 AM,01/23/2021 11:45:00 AM,Flushing Meadows Corona Park,Pat Dolan Trail - junction nearest to bird blind area,Muskrat,Observed by Ranger,Native,DOA,0.25,Adult,Small Mammals-non RVS,NA,Relocated/Condition Corrected,1,FALSE,FALSE,NA,NA,FALSE,FALSE,NA
01/21/2021 12:00:00 PM,01/21/2021 12:00:00 PM,Flushing Meadows Corona Park,FMCP Boathouse,Mallard Duck,Central,Native,Injured,3,Adult,Birds,311-05196406,Rehabilitator,1,FALSE,FALSE,Wild Bird Fund,NA,FALSE,FALSE,NA
01/20/2021 02:10:00 PM,01/20/2021 02:16:00 PM,Alley Pond Park,Alley Pond Environmental Center 228-06 Northern Blvd,Canada Goose,Employee,Native,DOA,0.5,Adult,Birds,NA,Relocated/Condition Corrected,1,FALSE,FALSE,NA,NA,FALSE,FALSE,NA
01/20/2021 10:20:00 AM,01/20/2021 10:20:00 AM,Forest Park,"40.701042, -73.856841",Raccoon,Observed by Ranger,Native,Unhealthy,1,Adult,Small Mammals-RVS,311-05186844,ACC,1,FALSE,FALSE,NA,NA,FALSE,FALSE,110697
01/20/2021 08:45:00 AM,01/20/2021 08:45:00 AM,Forest Park,Greenhouse parking lot,Raccoon,Employee,Native,Unhealthy,0.25,Juvenile,Small Mammals-RVS,NA,Unfounded,0,FALSE,FALSE,NA,NA,FALSE,FALSE,NA
01/12/2021 12:40:00 PM,01/12/2021 12:48:00 PM,Forest Park,Union Turnpike and 71st Ave,Raccoon,Central,Native,Unhealthy,0.5,Adult,Small Mammals-RVS,NA,Unfounded,0,FALSE,FALSE,NA,NA,FALSE,FALSE,NA
01/08/2021 10:00:00 AM,01/08/2021 11:35:00 AM,Alley Pond Park,"Alley Pond Environmental Center, 76th Ave entrance",Virginia Opossum,Employee,Native,Injured,2,Adult,Small Mammals-non RVS,311-05083739,ACC,1,FALSE,FALSE,NA,NA,FALSE,FALSE,110107
01/08/2021 09:25:00 AM,01/08/2021 09:30:00 AM,Rockaway Beach and Boardwalk,Beach 9th St and Seagirt Ave,Mute Swan,Employee,Invasive,Unhealthy,2,Juvenile,Birds,311-05083669,ACC,1,TRUE,FALSE,NA,NA,FALSE,FALSE,110098
12/30/2020 03:30:00 PM,12/30/2020 03:30:00 PM,Forest Park,Forest Park Visitor Center,Domestic Dove,Observed by Ranger,Domestic,Unhealthy,1,Adult,Domestic;#Birds,311-05009156,ACC,1,FALSE,FALSE,NA,NA,FALSE,FALSE,109692
12/26/2020 03:45:00 PM,12/26/2020 03:50:00 PM,Cunningham Park,Path to the left of the fork in the Parking Lot off the DMV Testing Site,Raccoon,Central,Native,DOA,0.5,Adult,Small Mammals-RVS,311-049-738-62,Relocated/Condition Corrected,1,FALSE,FALSE,NA,NA,FALSE,FALSE,NA
12/24/2020 11:11:00 AM,12/24/2020 11:12:00 AM,Crocheron Park,Btwn Golden Pond and Cross Is Pkwy,Canada Goose,Public,Native,Injured,3.5,Adult,Birds,311-04959970,ACC,3,FALSE,FALSE,NA,NA,FALSE,FALSE,14797
12/20/2020 11:45:00 AM,12/20/2020 11:50:00 AM,Alley Pond Park,Oakland Lake by Ice Rescue Ladder #2,Canada Goose,Central,Native,Unhealthy,3,Adult,Birds,311-04-92-77-13,Rehabilitator,1,FALSE,FALSE,Wild Bird Fund,NA,FALSE,FALSE,NA
12/20/2020 08:20:00 AM,12/20/2020 08:29:00 AM,Alley Pond Park,Handball courts by Adventure Course,Raccoon,Central,Native,Unhealthy,2.75,Juvenile,Small Mammals-RVS,311-04-92-58-91,ACC,1,FALSE,FALSE,NA,NA,FALSE,FALSE,147064
12/17/2020 09:14:00 PM,12/18/2020 10:00:00 AM,Bowne Park,Bowne Lake,Canada Goose,Central,Native,Injured,1,Adult,Birds,NA,Unfounded,0,FALSE,FALSE,NA,NA,FALSE,FALSE,NA
12/15/2020 02:25:00 PM,12/15/2020 02:35:00 PM,Flushing Meadows Corona Park,Jurassic Playground,Raccoon,Employee,Native,Injured,0.75,Adult,Small Mammals-RVS,NA,Monitored Animal,1,FALSE,TRUE,NA,0.5,FALSE,FALSE,NA
12/13/2020 12:00:00 PM,12/14/2020 12:05:00 PM,Baisley Pond Park,Baisley Pond Park,Pig,Public,Domestic,Healthy,0.75,Juvenile,Domestic,NA,Unfounded,0,FALSE,FALSE,NA,NA,FALSE,FALSE,NA
12/13/2020 11:10:00 AM,12/13/2020 11:15:00 AM,Cunningham Park,Tennis Courts,Raccoon,Central,Native,Unhealthy,1.25,Adult,Small Mammals-RVS,311-04861465,ACC,1,FALSE,FALSE,NA,NA,FALSE,FALSE,108868
12/13/2020 10:10:00 AM,12/13/2020 10:15:00 AM,Cunningham Park,Tennis Courts,Raccoon,Central,Native,Unhealthy,3,Adult,Small Mammals-RVS,311-04861465,ACC,1,FALSE,FALSE,NA,NA,FALSE,FALSE,108867
11/23/2020 11:20:00 AM,12/11/2020 02:50:00 PM,Flushing Meadows Corona Park,South of the Boathouse at Meadow Lake,Yellow-headed Blackbird,Employee,Exotic,Healthy,0.75,Adult,Birds,NA,Unfounded,0,FALSE,FALSE,NA,NA,FALSE,FALSE,NA
12/07/2020 12:45:00 PM,12/11/2020 08:00:00 AM,Bowne Park,Bowne Pond,Domestic Duck,Public,Domestic,Healthy,1.5,Adult,Domestic;#Birds,311-04738836,Rehabilitator,10,FALSE,FALSE,They All Want to Live,NA,FALSE,FALSE,NA
12/08/2020 10:20:00 AM,12/08/2020 10:26:00 AM,Alley Pond Park,73rd avenue and 230th street,Raccoon,Employee,Native,Unhealthy,3,Adult,Small Mammals-RVS,311-048-15134,ACC,1,FALSE,FALSE,NA,NA,FALSE,FALSE,108604
12/07/2020 02:30:00 PM,12/07/2020 02:40:00 PM,Bowne Park,In the pond,Domestic Duck,Employee,Domestic,Healthy,1.5,Adult,Domestic;#Birds,NA,Monitored Animal,6,FALSE,TRUE,NA,0.5,FALSE,FALSE,NA
12/02/2020 05:00:00 PM,12/03/2020 04:30:00 AM,Bowne Park,Bowne Lake,Domestic Duck,Employee,Domestic,Healthy,1.5,Adult,Domestic;#Birds,NA,Monitored Animal,1,FALSE,TRUE,NA,0.5,FALSE,FALSE,NA
11/30/2020 03:00:00 PM,11/30/2020 03:17:00 PM,Bowne Park,At the pond,Domestic Duck,Central,Domestic,Healthy,0.5,Adult,Birds,NA,Monitored Animal,8,FALSE,FALSE,NA,NA,FALSE,FALSE,NA
11/23/2020 11:20:00 AM,11/29/2020 01:52:00 PM,Flushing Meadows Corona Park,South of the Boathouse by Meadow Lake,Yellow-headed Blackbird,Employee,Exotic,Healthy,0.25,Adult,Birds,NA,Monitored Animal,1,FALSE,FALSE,NA,NA,FALSE,FALSE,NA
11/27/2020 02:00:00 PM,11/27/2020 02:10:00 PM,Rockaway Beach and Boardwalk,Beach 114th St and shoreline,Herring Gull,Public,Native,Injured,2.5,Adult,Birds,31104715370,ACC,1,FALSE,FALSE,NA,NA,FALSE,FALSE,107934
11/25/2020 04:45:00 PM,11/25/2020 04:52:00 PM,Astoria Park,At the base of the Hell Gate Bridge,Raccoon,Employee,Native,Unhealthy,1.25,Adult,Small Mammals-RVS,NA,Unfounded,0,FALSE,FALSE,NA,NA,FALSE,FALSE,NA
11/23/2020 11:20:00 AM,11/24/2020 01:05:00 PM,Flushing Meadows Corona Park,South of the Boathouse at Meadow Lake,Yellow-headed Blackbird,Employee,Exotic,Healthy,3,Adult,Birds,NA,Monitored Animal,1,FALSE,FALSE,NA,1,FALSE,FALSE,NA
11/23/2020 11:20:00 AM,11/23/2020 11:22:00 AM,Flushing Meadows Corona Park,South of the boathouse at Meadow Lake,Yellow-headed Blackbird,Employee,Exotic,Healthy,3.5,Adult,Birds,NA,Monitored Animal,1,FALSE,FALSE,NA,NA,FALSE,FALSE,NA
11/17/2020 07:45:00 AM,11/17/2020 08:00:00 AM,Crocheron Park,Across from Golden Pond,Pig,Public,Domestic,Healthy,1,Infant,Domestic,NA,Unfounded,0,FALSE,FALSE,NA,NA,FALSE,FALSE,NA
11/14/2020 05:25:00 PM,11/14/2020 05:30:00 PM,Bowne Park,Eastern edge of Bowne Lake,Domestic Duck,Public,Domestic,Unhealthy,3,Juvenile,Birds,311-04595183,ACC,2,FALSE,FALSE,NA,NA,FALSE,FALSE,107167 and 107168
11/13/2020 04:00:00 PM,11/13/2020 04:10:00 PM,Rockaway Beach and Boardwalk,Beach 92nd St,Tern (Unknown),Central,Native,Injured,2.5,Adult,Birds,311-04585110,ACC,1,FALSE,FALSE,NA,NA,FALSE,FALSE,NA
11/11/2020 08:15:00 AM,11/11/2020 08:20:00 AM,Queensbridge Park,Baseball fields,Red-tailed Hawk,Employee,Native,DOA,1.25,Adult,Raptors,311-04565054,Submitted for DEC Testing,1,FALSE,FALSE,NA,NA,FALSE,FALSE,NA
11/06/2020 09:00:00 AM,11/06/2020 09:45:00 AM,Highland Park,Upper Highland west of picnic area,Chicken,Public,Domestic,Healthy,1,Adult,Domestic;#Birds,NA,Unfounded,0,FALSE,FALSE,NA,NA,FALSE,FALSE,NA
11/03/2020 04:23:00 PM,11/03/2020 04:24:00 PM,Rockaway Beach and Boardwalk,Beach 27th and Beach 28th St,Bird (Unknown),Central,N/A,Injured,1.75,Adult,Birds,NA,Unfounded,0,FALSE,FALSE,NA,NA,FALSE,FALSE,NA
10/28/2020 04:10:00 PM,10/28/2020 04:10:00 PM,Flushing Meadows Corona Park,"under Van Wyck Expw, North of Meadow Lake",Raccoon,Public,Native,DOA,0.25,Adult,Small Mammals-RVS,NA,Relocated/Condition Corrected,1,FALSE,FALSE,NA,NA,FALSE,FALSE,NA
10/27/2020 11:00:00 AM,10/27/2020 11:00:00 AM,Forest Park,Forest Park Drive and Myrtle Avenue,Virginia Opossum,Employee,Native,Healthy,0.25,Adult,Small Mammals-non RVS,NA,Advised/Educated others,1,TRUE,FALSE,NA,NA,FALSE,FALSE,NA
10/25/2020 08:40:00 AM,10/25/2020 08:46:00 AM,Queens Botanical Garden,Behind Administration Trailers,Raccoon,Other,Native,Unhealthy,1.5,Juvenile,Small Mammals-RVS,311-04388401,ACC,1,FALSE,FALSE,NA,NA,FALSE,FALSE,141636
10/22/2020 04:00:00 PM,10/22/2020 04:15:00 PM,Crocheron Park,Joe Michaels Mile,Mute Swan,Public,Invasive,Injured,2.25,Adult,Birds,311-04368437,Rehabilitator,1,FALSE,FALSE,Wild Bird Fund,NA,FALSE,FALSE,NA
10/21/2020 08:05:00 AM,10/21/2020 12:40:00 PM,Alley Pond Park,"Adventure Course parking lot, white trail",Raccoon,Central,Native,Unhealthy,1,Adult,Small Mammals-RVS,311-04355728,ACC,1,FALSE,FALSE,NA,NA,FALSE,FALSE,141290
10/20/2020 02:25:00 PM,10/20/2020 02:25:00 PM,Alley Pond Park,By parking lot off Springfield Blvd and 76th Avenue,Raccoon,Public,Native,Unhealthy,1.5,Adult,Small Mammals-RVS,311-04-34-7241,ACC,1,FALSE,FALSE,NA,NA,FALSE,FALSE,141188
08/28/2020 01:00:00 PM,08/28/2020 01:00:00 PM,Forest Park,Forest Park Visitor Center,Rock Dove,Public,Native,Injured,0.25,Adult,Birds,NA,Relocated/Condition Corrected,1,FALSE,FALSE,NA,NA,FALSE,FALSE,NA
09/29/2020 12:15:00 PM,09/29/2020 12:20:00 PM,Forest Park,Forest Park Drive and Jackie Robinson Parkway,Guineafowl,Employee,Exotic,Healthy,1,Adult,Birds,311-04127578,ACC,1,FALSE,FALSE,NA,NA,FALSE,FALSE,103902
09/28/2020 02:13:00 PM,09/29/2020 09:10:00 AM,Rockaway Beach and Boardwalk,Beach 28th to 56th Street,American Oystercatcher,Public,Native,Injured,1.5,Adult,Birds,NA,Monitored Animal,3,FALSE,TRUE,NA,0.75,FALSE,FALSE,NA
09/28/2020 02:13:00 PM,09/28/2020 02:40:00 PM,Rockaway Beach and Boardwalk,On the sand at Beach 34th St,American Oystercatcher,Public,Native,Injured,2.25,Adult,Birds,NA,Unfounded,0,FALSE,FALSE,NA,NA,FALSE,FALSE,NA
09/27/2020 10:40:00 AM,09/27/2020 11:00:00 AM,Flushing Meadows Corona Park,Ball field 13,Raccoon,Central,Native,Unhealthy,2,Juvenile,Small Mammals-RVS,311-04104054,ACC,1,TRUE,FALSE,NA,NA,FALSE,FALSE,NA
09/26/2020 09:25:00 AM,09/26/2020 09:40:00 AM,Barrier Playground,Horace Harding Expwy and 62 Ave,Virginia Opossum,Central,Native,Injured,0.75,Adult,Small Mammals-non RVS,NA,Unfounded,0,FALSE,FALSE,NA,NA,FALSE,FALSE,NA
09/30/2020 08:45:00 AM,09/23/2020 09:00:00 AM,Alley Pond Park,Oakland Lake,Dog,Central,Domestic,Injured,1,Adult,Domestic,NA,Unfounded,0,FALSE,FALSE,NA,NA,FALSE,FALSE,NA
09/16/2020 09:10:00 AM,09/16/2020 09:30:00 AM,Rockaway Beach and Boardwalk,Beach 33rd street and shoreline,American Oystercatcher,Employee,Native,Injured,1,Adult,Birds,NA,Monitored Animal,3,FALSE,TRUE,NA,0.75,FALSE,FALSE,NA
09/14/2020 12:30:00 PM,09/14/2020 12:35:00 PM,Rockaway Beach and Boardwalk,Between Beach 27th and Beach 32nd Streets,Herring Gull,Central,Native,Injured,1,Adult,Birds,NA,Unfounded,0,TRUE,FALSE,NA,NA,FALSE,FALSE,NA
09/14/2020 08:40:00 AM,09/14/2020 09:00:00 AM,Rockaway Beach and Boardwalk,Beach 123rd St,Herring Gull,Employee,Native,Injured,2,Juvenile,Birds,311-03956975,ACC,1,FALSE,FALSE,NA,NA,FALSE,FALSE,102819
09/10/2020 01:45:00 PM,09/10/2020 01:50:00 PM,Alley Pond Park,Oakland Lake near Cloverdale Blvd and 46 Ave,Domestic Duck,Public,Domestic,Unhealthy,2.5,Juvenile,Birds,311-03910738,ACC,2,FALSE,FALSE,NA,NA,FALSE,FALSE,"102609, 102610"
09/07/2020 09:45:00 AM,09/07/2020 09:55:00 AM,Jacob Riis Beach,On beach between lifeguard chairs near Art Deco building,Herring Gull,Central,Native,Injured,2.25,Adult,Birds,311-03874233,ACC,1,FALSE,FALSE,NA,NA,FALSE,FALSE,102386
09/05/2020 10:10:00 AM,09/05/2020 10:30:00 AM,Alley Pond Park,"40.743015, -73.740140",Raccoon,Central,Native,Unhealthy,1.5,Adult,Small Mammals-RVS,311-03850588,ACC,1,FALSE,FALSE,NA,NA,FALSE,FALSE,102278
09/04/2020 01:50:00 PM,09/04/2020 02:03:00 PM,Alley Pond Park,"Oakland Lake, path left of main entrance",Common Snapping Turtle,Central,Native,Healthy,1,Adult,Terrestrial Reptile or Amphibian,NA,Relocated/Condition Corrected,1,FALSE,FALSE,NA,NA,FALSE,FALSE,NA
08/28/2020 10:00:00 AM,08/28/2020 10:30:00 AM,Alley Pond Park,"73rd Avenue and Cloverdale Boulevard (40.7432319, -73.7475548)",Raccoon,Public,Native,Unhealthy,1.25,Adult,Small Mammals-RVS,311-03762821,ACC,1,FALSE,FALSE,NA,NA,FALSE,FALSE,101687
08/26/2020 05:50:00 PM,08/26/2020 06:00:00 PM,Cunningham Park,On bike trail near Long Island Motor Parkway,Great Blue Heron,Other,Native,Injured,0.75,Adult,Birds,NA,Unfounded,0,FALSE,FALSE,NA,NA,FALSE,FALSE,NA
08/19/2020 01:30:00 PM,08/19/2020 01:30:00 PM,Kissena Park,164th Street and Underhill Avenue,Eastern Gray Squirrel,Central,Native,Injured,2,Adult,Small Mammals-non RVS,311-036-637-21,ACC,1,FALSE,FALSE,NA,NA,FALSE,FALSE,NA
08/17/2020 05:15:00 PM,08/17/2020 03:20:00 PM,Haggerty Park,Park,Raptor (Unknown),Central,Native,Injured,0.5,Adult,Raptors,NA,Unfounded,0,FALSE,FALSE,NA,NA,FALSE,FALSE,NA
08/18/2020 12:33:00 PM,08/18/2020 12:33:00 PM,Park of the Americas,Astro Turf Field,American Bullfrog,Employee,Native,Healthy,0.5,Adult,Terrestrial Reptile or Amphibian,311-03652746,Relocated/Condition Corrected,1,FALSE,FALSE,NA,NA,FALSE,FALSE,NA
08/16/2020 07:48:00 PM,08/16/2020 08:10:00 PM,Flushing Meadows Corona Park,PEP Command,Red-tailed Hawk,Employee,Native,Injured,1,Juvenile,Raptors,311-03633490,Rehabilitator,1,TRUE,FALSE,Bobby Horvath,NA,FALSE,FALSE,NA
08/09/2020 01:30:00 PM,08/09/2020 12:00:00 AM,Hinton Park,Park Entrance,Dog,Employee,Domestic,Healthy,2,Adult,Domestic,311-0355-1372,ACC,1,FALSE,FALSE,NA,NA,FALSE,FALSE,NA
08/01/2020 03:45:00 PM,08/01/2020 04:00:00 PM,Astoria Park,"Astoria Pool, upper deck picnic area",Raccoon,Employee,Native,Healthy,1,Adult,Small Mammals-RVS,NA,Relocated/Condition Corrected,1,FALSE,FALSE,NA,NA,FALSE,FALSE,NA
07/31/2020 02:00:00 PM,07/31/2020 02:00:00 PM,Rockaway Beach and Boardwalk,Shoreline of Beach 67th Street near left side jetty,American Oystercatcher,Employee,Native,Injured,2.25,Juvenile,Birds,311-03399534,Rehabilitator,1,FALSE,FALSE,Wild Bird Fund,NA,FALSE,FALSE,NA
07/30/2020 04:50:00 PM,07/30/2020 05:00:00 PM,Alley Pond Park,Oakland Lake,Canada Goose,Public,Native,Healthy,1.5,Adult,Birds,311-03387578,Monitored Animal,1,FALSE,TRUE,NA,0.5,FALSE,FALSE,NA
07/24/2020 09:00:00 AM,07/24/2020 09:30:00 AM,Evergreen Park,"Near 75th Ave; 40.698232, -73.896290",Raccoon,Employee,Native,Healthy,1.5,Juvenile,Small Mammals-RVS,NA,Relocated/Condition Corrected,1,FALSE,TRUE,NA,0.5,FALSE,FALSE,NA
07/16/2020 04:30:00 PM,07/16/2020 04:40:00 PM,Cambria Playground,playground,Honey Bee,Central,Native,Healthy,1,Adult,Domestic,NA,Unfounded,0,FALSE,FALSE,NA,NA,FALSE,FALSE,NA
07/14/2020 11:00:00 AM,07/14/2020 11:05:00 AM,Queens Bridge Park,Playground area,Atlantic Canary,Central,Exotic,Healthy,1.5,Adult,Birds;#Domestic,311-03198574,ACC,1,FALSE,FALSE,NA,NA,FALSE,FALSE,98261
07/13/2020 11:15:00 AM,07/13/2020 11:20:00 AM,Flushing Meadows Corona Park,Passarelle Building,Raccoon,Central,Native,Healthy,1,Juvenile,Small Mammals-RVS,NA,Relocated/Condition Corrected,1,TRUE,TRUE,NA,0.5,FALSE,FALSE,NA
07/12/2020 02:10:00 AM,07/12/2020 02:22:00 PM,Southern Fields Athletic Fields,N. Conduit Ave & 114th Street,Chicken,Employee,Domestic,Healthy,1.5,Adult,Birds,31103177549,ACC,1,FALSE,FALSE,NA,NA,FALSE,FALSE,98136
07/11/2020 08:30:00 AM,07/11/2020 08:45:00 AM,Baisley Pond Park,On the running track. Across from Baisely Pond South Playground.,American Crow,Central,Native,Unhealthy,3,Juvenile,Birds,311-03161178,Rehabilitator,1,FALSE,FALSE,Wild Bird Fund,NA,FALSE,FALSE,NA
07/06/2020 02:30:00 PM,07/06/2020 02:30:00 PM,Forest Park,Victory Field,American Robin,Employee,Native,Healthy,0.25,Juvenile,Birds,NA,Advised/Educated others,1,FALSE,FALSE,NA,NA,FALSE,FALSE,NA
07/04/2020 01:35:00 PM,07/04/2020 01:45:00 PM,Flushing Meadows Corona Park,Field next to the Carousel,Rock Dove,Central,Native,Unhealthy,1.5,Adult,Birds,311-030-66-660,Rehabilitator,1,FALSE,FALSE,NA,NA,FALSE,FALSE,NA
07/03/2020 09:20:00 AM,07/03/2020 09:25:00 AM,Crocheron Park,Buz O'Rourke Playground,Red-tailed Hawk,Employee,Native,Healthy,1,Juvenile,Raptors,NA,Monitored Animal,1,TRUE,TRUE,NA,0.5,FALSE,FALSE,NA
06/30/2020 08:20:00 AM,06/30/2020 08:35:00 AM,Alley Athletic Playground,Parks Building,Raccoon,Employee,Native,Healthy,0.75,Juvenile,Small Mammals-RVS,311-03013032,Relocated/Condition Corrected,1,FALSE,FALSE,NA,NA,FALSE,FALSE,NA
06/29/2020 02:30:00 PM,06/29/2020 03:45:00 PM,Rockaway Beach and Boardwalk,Beach 28th St on the beach,Herring Gull,Employee,Native,Injured,3,Adult,Birds,311-03003081,ACC,1,TRUE,TRUE,NA,1,FALSE,FALSE,NA
06/29/2020 10:35:00 AM,06/29/2020 10:47:00 AM,Flushing Meadows Corona Park,FMCP Marina,Mute Swan,Other,Invasive,Injured,1.5,Adult,Birds,NA,Unfounded,0,FALSE,FALSE,NA,NA,FALSE,FALSE,NA
06/24/2020 06:15:00 PM,06/24/2020 06:25:00 PM,Flushing Meadows Corona Park,Ballfield 13,Corn Snake,Central,Exotic,Healthy,1,Adult,Terrestrial Reptile or Amphibian,311-029-267-92,ACC,1,FALSE,FALSE,NA,NA,FALSE,FALSE,96981
06/22/2020 03:30:00 PM,06/22/2020 03:45:00 PM,Flushing Meadows Corona Park,Queens Recreation Office Hallway. Passarelle Building.,European Starling,Employee,Native,Healthy,1.21,Infant;#Adult,Birds,311-0289134,Monitored Animal,2,FALSE,TRUE,NA,1,FALSE,FALSE,NA
06/20/2020 10:30:00 AM,06/20/2020 11:15:00 AM,Forest Park,Behind bandshell on sidewalk.,Raccoon,Employee,Native,Unhealthy,2,Adult,Small Mammals-RVS,311-02857049,ACC,1,FALSE,FALSE,NA,NA,FALSE,FALSE,96707
06/19/2020 10:00:00 AM,06/19/2020 10:00:00 AM,Forest Park,Greenhouse playground,American Robin,Public,Native,Injured,2,Juvenile,Birds,311-02841260,Rehabilitator,1,FALSE,FALSE,Wild Bird Fund,NA,FALSE,FALSE,NA
06/19/2020 11:00:00 AM,06/19/2020 11:10:00 AM,Flushing Meadows Corona Park,In a tree near the Meadow Lake Boat Rental,American Robin,Employee,Native,Injured,1,Adult,Birds,311-02839947,Rehabilitator,1,TRUE,FALSE,Wild Bird Fund,NA,FALSE,FALSE,NA
06/14/2020 12:10:00 PM,06/14/2020 12:10:00 PM,Baisley Pond Park,Baisley Pond Park,Chicken,Public,Domestic,Healthy,0.75,Adult,Birds,311-02770337,ACC,1,FALSE,FALSE,NA,NA,FALSE,FALSE,96272
06/12/2020 04:15:00 PM,06/12/2020 04:22:00 PM,Bridge and Tunnel Park,Inside Basketball Court,American Crow,Employee,Native,Unhealthy,2,Adult,Birds,NA,Monitored Animal,1,FALSE,TRUE,NA,0.5,FALSE,FALSE,NA
06/12/2020 04:15:00 PM,06/13/2020 10:22:00 AM,Bridge and Tunnel Park,Outside of basketball court,American Crow,Employee,Native,Unhealthy,2.5,Adult,Birds,311-02758103,Relocated/Condition Corrected,2,FALSE,TRUE,NA,0.8,FALSE,FALSE,NA
06/12/2020 03:15:00 PM,06/12/2020 03:30:00 PM,Roy Wilkins Recreation Center,Behind recreation center,Raccoon,Employee,Native,Healthy,1.5,Juvenile,Small Mammals-RVS,311-02747129,Relocated/Condition Corrected,1,FALSE,FALSE,NA,NA,FALSE,FALSE,NA
06/12/2020 01:00:00 PM,06/12/2020 01:17:00 PM,Flushing Meadows Corona Park,South side of meadow lake,Raccoon,Employee,Native,Unhealthy,2,Juvenile,Small Mammals-RVS,311-02746436,ACC,1,FALSE,FALSE,NA,NA,FALSE,FALSE,96152
06/12/2020 12:00:00 PM,06/12/2020 12:15:00 AM,Rockaway Beach and Boardwalk,Beach 100th Street and shoreline,Gull (Unknown),Employee,Native,Injured,3,Juvenile,Birds,311-027465162,ACC,1,TRUE,FALSE,NA,NA,FALSE,FALSE,NA
06/11/2020 02:10:00 PM,06/11/2020 02:15:00 PM,Flushing Meadows Corona Park,"Meadow Lake Road and Meadow Circle, under the Van Wyck Expressway",Raccoon,Central,Native,Healthy,1.5,Infant;#Adult,Small Mammals-RVS,311-02737627,Rehabilitator,5,TRUE,FALSE,Leslie Hyder,NA,FALSE,FALSE,NA
06/05/2020 04:30:00 PM,06/05/2020 04:45:00 PM,Roy Wilkins Recreation Center,In front of the Rec Center,Dog,Employee,Domestic,Injured,3,Adult,Domestic,311-02677326,Advised/Educated others,1,TRUE,FALSE,NA,NA,FALSE,TRUE,NA
06/03/2020 06:00:00 PM,06/03/2020 06:00:00 PM,Fort Totten Park,Bayside Historical Society,Red-eared Slider,Public,Invasive,Healthy,0.5,Adult,Terrestrial Reptile or Amphibian,NA,Relocated/Condition Corrected,1,FALSE,FALSE,NA,NA,FALSE,FALSE,NA
06/03/2020 08:15:00 AM,06/03/2020 08:16:00 AM,Flushing Meadows Corona Park,"Queens Zoo  40째44'38.4""N 73째50'57.3""W",Raccoon,Central,Native,Unhealthy,2.5,Juvenile,Small Mammals-RVS,3-11-02655976,ACC,1,FALSE,FALSE,NA,NA,FALSE,FALSE,NA
06/03/2020 02:00:00 PM,06/03/2020 02:32:00 PM,Bowne Park,Lakeside,Canada Goose,Employee,Native,Unhealthy,2.5,Adult,Birds,311-02659066,ACC,1,FALSE,FALSE,NA,NA,FALSE,FALSE,NA
06/02/2020 02:30:00 PM,06/02/2020 02:31:00 PM,Police Officer Edward Byrne Park,Police Officer Edward Byrne Playground,Chicken,Observed by Ranger,Domestic,Healthy,1,Adult,Birds,311-02651451,ACC,3,FALSE,FALSE,NA,NA,FALSE,FALSE,NA
06/01/2020 01:20:00 PM,06/01/2020 02:03:00 PM,Forest Park,Dry Harbor Playground,Cat,Central,Domestic,Unhealthy,1,Infant,Domestic,311-02643298,ACC,1,FALSE,FALSE,NA,NA,FALSE,FALSE,NA
05/22/2020 11:30:00 AM,05/22/2020 11:40:00 AM,Astoria Park,Comfort station in Astoria Park,Raccoon,Employee,Native,Healthy,5.5,Infant,Small Mammals-RVS,311-02545075,Rehabilitator,1,FALSE,FALSE,Bobby Horvath,NA,FALSE,FALSE,NA
05/17/2020 03:20:00 PM,05/17/2020 03:20:00 PM,Kissena Park,Picnic table next to bocce court.,Eastern Gray Squirrel,Public,Native,Unhealthy,0.25,Adult,Small Mammals-non RVS,3-11-02498866,ACC,1,FALSE,FALSE,NA,NA,FALSE,FALSE,94299
05/14/2020 11:00:00 AM,05/14/2020 11:00:00 AM,Alley Pond Park,"On the blue trail 40.7469618, -73.7424301",Great Horned Owl,Other,Native,DOA,2.5,Adult,Raptors,311-02464134,Submitted for DEC Testing,1,FALSE,FALSE,NA,NA,FALSE,FALSE,NA
05/08/2020 04:30:00 PM,05/08/2020 05:10:00 PM,Socrates Sculpture Park,on the shore next to Socrates Sculpture Park,Black-backed Gull,Public,Native,Injured,1,Adult,Birds,311-2419689,Rehabilitator,1,FALSE,FALSE,Wild Bird Fund,NA,FALSE,FALSE,NA
05/03/2020 11:30:00 AM,05/03/2020 11:45:00 AM,Broad Channel American Park,Shoreline,Seal (Unknown),Public,Native,DOA,1,Adult,Marine Mammals-seals only,NA,Unfounded,0,FALSE,FALSE,NA,NA,FALSE,FALSE,NA
04/30/2020 05:10:00 PM,04/30/2020 05:20:00 PM,Highland Park,Vermont Place and Jackie Robinson Parkway,Red-tailed Hawk,Central,Native,Injured,1,Adult,Raptors,NA,Monitored Animal,1,FALSE,FALSE,NA,NA,FALSE,FALSE,NA
04/29/2020 04:30:00 PM,04/29/2020 04:35:00 PM,Cunningham Park,"On the main trail. 40.7283, -73.7716",Great Horned Owl,Central,Native,Injured,1.5,Juvenile,Raptors,311-02341657,Rehabilitator,1,FALSE,FALSE,Bobby Horvath,NA,FALSE,FALSE,NA
04/27/2020 03:30:00 AM,04/27/2020 03:50:00 PM,Socrates Sculpture Park,Inside the closed off area,Herring Gull,Other,Native,Injured,1,Adult,Birds,31102326600,Unfounded,0,FALSE,FALSE,NA,NA,FALSE,FALSE,NA
04/27/2020 02:15:00 PM,04/27/2020 02:40:00 PM,Astoria Park,In grass under tree near the main parking lot,Rock Dove,Employee,Native,Injured,1,Adult,Birds,3112325605,Rehabilitator,1,FALSE,FALSE,Wild Bird fund,NA,FALSE,FALSE,NA
04/25/2020 09:30:00 AM,04/25/2020 10:00:00 AM,Alley Pond Park,Oakland Lake,Mallard Duck,Central,Native,Injured,0.5,Adult,Birds,NA,Unfounded,0,FALSE,FALSE,NA,NA,FALSE,FALSE,NA
04/23/2020 12:20:00 PM,04/23/2020 12:40:00 PM,Kissena Park,Northeast side of Kissena Lake,Eastern Gray Squirrel,Employee,Native,Injured,1.5,Adult,Small Mammals-non RVS,311-02298556,Rehabilitator,1,FALSE,FALSE,Wild Bird Fund,NA,FALSE,FALSE,NA
04/19/2020 01:18:00 PM,04/19/2020 01:20:00 PM,Rockaway Beach and Boardwalk,"Rockaway Beach and Boardwalk, 80th St",Harbor Seal,Central,Native,Healthy,2,Adult,Marine Mammals-seals only,NA,Monitored Animal,1,TRUE,TRUE,NA,1.75,TRUE,FALSE,NA
04/16/2020 12:56:00 PM,04/16/2020 01:06:00 PM,Rockaway Beach and Boardwalk,"Rockaway Beach and Boardwalk, Beach 36th St",Harbor Seal,Central,Native,Injured,4,Adult,Marine Mammals-seals only,NA,Monitored Animal,1,FALSE,TRUE,NA,3.5,FALSE,FALSE,NA
04/21/2020 09:00:00 AM,04/21/2020 10:35:00 AM,Rockaway Beach and Boardwalk,Beach 102nd Street,Harbor Seal,Central,Native,Healthy,2,Adult,Marine Mammals-seals only,NA,Advised/Educated others,1,FALSE,TRUE,NA,2,FALSE,FALSE,NA
04/20/2020 09:00:00 AM,04/20/2020 10:00:00 AM,Rockaway Beach and Boardwalk,Beach 84th St,Gray Seal,Employee,Native,Healthy,2,Juvenile,Marine Mammals-seals only,NA,Monitored Animal,1,TRUE,TRUE,NA,2,FALSE,FALSE,NA
04/17/2020 09:00:00 AM,04/17/2020 09:05:00 AM,Rockaway Beach and Boardwalk,Beach 91st Street and shoreline,Harp Seal,Employee,Native,Healthy,4,Adult,Marine Mammals-seals only,NA,Monitored Animal,1,FALSE,TRUE,NA,1.25,FALSE,FALSE,NA
04/16/2020 11:00:00 AM,04/16/2020 11:20:00 AM,Rockaway Beach and Boardwalk,Beach 91st Street and shoreline,Harp Seal,Employee,Native,Healthy,7,Adult,Marine Mammals-seals only,NA,Monitored Animal,1,TRUE,TRUE,NA,4.75,FALSE,FALSE,NA
04/16/2020 12:50:00 PM,04/16/2020 01:10:00 PM,Rockaway Beach and Boardwalk,Beach 36th Street and shoreline,Seal (Unknown),Employee,Native,Healthy,7,Adult,Marine Mammals-seals only,NA,Monitored Animal,1,FALSE,TRUE,NA,4,FALSE,FALSE,NA
04/15/2020 10:15:00 AM,04/15/2020 10:15:00 AM,Queensbridge Park,Under small conifer tree next to athletic field,Raccoon,Observed by Ranger,Native,Unhealthy,2.25,Adult,Small Mammals-RVS,311-02238082,ACC,1,FALSE,TRUE,NA,0.1,FALSE,FALSE,NA
04/13/2020 03:40:00 PM,04/13/2020 03:45:00 PM,Rockaway Beach and Boardwalk,Beach 67th Street,Northern Gannet,Public,Native,Unhealthy,2,Adult,Birds,311-02226471,Rehabilitator,1,FALSE,FALSE,Wild Bird Fund,NA,FALSE,FALSE,NA
04/12/2020 12:18:00 PM,04/12/2020 12:40:00 PM,Alley Pond Park,Oakland Lake,Red-throated Loon,Central,Native,Injured,2,Adult,Birds,3-11-02216551,Rehabilitator,1,FALSE,FALSE,Wild Bird Fund,NA,FALSE,FALSE,NA
04/12/2020 11:28:00 AM,04/12/2020 11:58:00 AM,Forest Park,Forest Park Golf Course.,Raccoon,Central,Native,Healthy,0.5,Infant,Small Mammals-RVS,3-11-022216354,Relocated/Condition Corrected,2,FALSE,TRUE,NA,0.5,FALSE,FALSE,NA
04/11/2020 04:00:00 PM,04/11/2020 04:14:00 PM,Alley Pond Park,Oakland Lake,Red-throated Loon,Public,Native,Injured,0.5,Adult,Birds,NA,Monitored Animal,1,FALSE,FALSE,NA,NA,FALSE,FALSE,NA
04/06/2020 07:45:00 AM,04/06/2020 08:05:00 AM,Rockaway Beach and Boardwalk,Shoreline of Beach 107,Northern Gannet,Public,Native,Injured,2.75,Adult,Birds,311-02176657,Rehabilitator,1,FALSE,FALSE,Wild Bird Fund,NA,FALSE,FALSE,NA
04/02/2020 11:15:00 AM,04/02/2020 11:20:00 AM,Brookville Park,Brookville Blvd & Newhall Ave,Raccoon,Employee,Native,Healthy,0.75,Juvenile,Small Mammals-RVS,NA,Monitored Animal,1,FALSE,TRUE,NA,0.5,FALSE,FALSE,NA
03/21/2020 10:15:00 AM,03/21/2020 10:19:00 AM,Hunter's Point South Park,Northwest corner of 48th Avenue and Vernon Boulevard,American Woodcock,Employee,Native,Injured,1.25,Adult,Birds,3-11-02088007,Rehabilitator,1,TRUE,FALSE,Wild Bird Fund,NA,FALSE,FALSE,NA
03/20/2020 03:50:00 PM,03/20/2020 04:10:00 AM,Flushing Meadows Corona Park,Flushing Meadow Corona Park,Cat,Central,Domestic,Healthy,0.25,Adult,Domestic,3-11-02078048,Advised/Educated others,1,FALSE,FALSE,NA,NA,FALSE,FALSE,NA
03/16/2020 12:45:00 PM,03/16/2020 12:55:00 PM,Idlewild Park,"149th Drive, Huxley Road (40.6516, -73.7383)",Raccoon,Central,Native,Unhealthy,2.5,Adult,Small Mammals-RVS,311-02045507,ACC,1,FALSE,FALSE,NA,NA,FALSE,FALSE,91178
03/12/2020 01:20:00 PM,03/12/2020 01:30:00 PM,Baisley Pond Park,150th Street & Rockaway Boulevard,Dog,Central,Domestic,Healthy,2.5,Adult,Domestic,NA,Relocated/Condition Corrected,2,TRUE,FALSE,NA,NA,TRUE,FALSE,NA
03/11/2020 10:00:00 AM,03/11/2020 11:00:00 AM,Juniper Valley Park,Juniper Blvd N and 79th St,Raccoon,Employee,Native,Healthy,1,Adult,Small Mammals-RVS,NA,Advised/Educated others,1,FALSE,TRUE,NA,0.5,FALSE,FALSE,NA
03/06/2020 01:15:00 PM,03/06/2020 01:20:00 PM,Alley Pond Park,Little Alley Pond near Ice Ladder 1,Raccoon,Central,Native,Unhealthy,2,Adult,Small Mammals-RVS,NA,Unfounded,0,FALSE,FALSE,NA,NA,FALSE,FALSE,NA
03/02/2020 09:29:00 AM,03/02/2020 09:44:00 AM,Springfield Park,Springfield Boulevard and 146th Ave,Canada Goose,Public,Native,Injured,1.25,Adult,Birds,NA,Monitored Animal,2,FALSE,TRUE,NA,0.25,FALSE,FALSE,NA
03/01/2020 11:30:00 AM,03/01/2020 11:35:00 AM,Clearview Park Golf Course,"Cross Island Parkway Service Road and 15th Rd (40.786417, -73.788726)",Raccoon,Employee,Native,Unhealthy,2.5,Adult,Small Mammals-RVS,311-01948765,ACC,1,FALSE,FALSE,NA,NA,FALSE,FALSE,89784
03/01/2020 10:34:00 AM,03/01/2020 11:07:00 AM,Kissena Corridor Park,Main St and 56th Ave,Chicken,Employee,Domestic,Healthy,3.25,Adult,Birds,311-01948732,ACC,1,FALSE,FALSE,NA,NA,FALSE,FALSE,89783
02/19/2020 01:45:00 PM,02/19/2020 02:20:00 PM,Alley Pond Park,Red trailhead,Domestic Rabbit,Public,Domestic,Healthy,1.25,Adult,Small Mammals-non RVS,NA,Advised/Educated others,1,FALSE,FALSE,NA,NA,FALSE,FALSE,NA
02/17/2020 09:40:00 AM,02/17/2020 09:45:00 AM,Forest Park,Park Lane South and Myrtle Ave Bridal Path on trails,Domestic Rabbit,Employee,Domestic,Healthy,2,Adult,Small Mammals-non RVS,311-0185-6181,ACC,1,FALSE,FALSE,NA,NA,FALSE,FALSE,88705
02/07/2020 04:00:00 PM,02/07/2020 04:10:00 PM,Centreville Playground,Centreville Playground,Canada Goose,Public,Native,Injured,1.25,Adult,Birds,NA,Unfounded,0,FALSE,FALSE,NA,NA,FALSE,FALSE,NA
01/31/2020 09:50:00 AM,01/31/2020 10:00:00 AM,Flushing Meadows Corona Park,Shea Rd and Stadium Pl N,Red-tailed Hawk,Employee,Native,Injured,2,Adult,Raptors,311-01737670,Rehabilitator,1,TRUE,FALSE,Bobby Horvath,NA,FALSE,FALSE,NA
01/31/2020 09:45:00 AM,01/31/2020 09:52:00 AM,Forest Park,The Overlook,Cat,Employee,Domestic,Healthy,1.5,Adult,Domestic,311-01736809,Relocated/Condition Corrected,1,FALSE,FALSE,NA,NA,FALSE,FALSE,NA
01/29/2020 09:45:00 AM,01/29/2020 10:10:00 AM,Queens Botanical Garden,Education Building,Common Grackle,Employee,Native,Injured,1.75,Adult,Birds,311-01721628,ACC,1,FALSE,FALSE,NA,NA,FALSE,FALSE,87321
01/28/2020 11:30:00 AM,01/28/2020 11:34:00 AM,Baisley Pond Park,Near Flagpole and 157th Street,Duck (Unknown),Central,Native,Injured,1,Adult,Birds,NA,Unfounded,0,FALSE,FALSE,NA,NA,FALSE,FALSE,NA
01/24/2020 08:50:00 AM,01/24/2020 09:00:00 AM,Fort Totten Park,"100 Totten Ave, Bayside 40째47'27.5""N 73째46'53.2""W",Raccoon,Employee,Native,Unhealthy,2.5,Juvenile,Small Mammals-RVS,311-01686374,ACC,1,FALSE,FALSE,NA,NA,FALSE,FALSE,86889
01/19/2020 02:30:00 PM,01/19/2020 03:00:00 PM,Holy Cow Playground,In front of park,Budgerigar Parakeet,Central,Domestic,Healthy,1.25,Adult,Birds,311-01648644,ACC,1,FALSE,FALSE,NA,NA,FALSE,FALSE,86565
01/18/2020 12:00:00 PM,01/18/2020 12:40:00 PM,Springfield Park,Ballfield,Canada Goose,Employee,Native,Injured,1,Adult,Birds,NA,Relocated/Condition Corrected,1,FALSE,FALSE,NA,NA,FALSE,FALSE,NA
01/11/2020 03:00:00 PM,01/11/2020 03:05:00 PM,Roy Wilkins Recreation Center,"Between running track and rec center, 40.687939, -73.771357",Raccoon,Central,Native,Unhealthy,3.5,Adult,Small Mammals-RVS,311-01590067,ACC,1,FALSE,FALSE,NA,NA,FALSE,FALSE,86018
01/05/2020 11:40:00 AM,01/05/2020 11:50:00 AM,Crocheron Park,Golden Pond,Mute Swan,Other,Invasive,Healthy,3,Adult,Birds,NA,Relocated/Condition Corrected,1,FALSE,TRUE,NA,0.5,FALSE,FALSE,NA
01/02/2020 10:00:00 AM,01/02/2020 10:05:00 AM,Fort Totten Park,In front of Fort Totten Chapel,Virginia Opossum,Employee,Native,Injured,1.5,Adult,Small Mammals-non RVS,3-11-01516791,ACC,1,FALSE,FALSE,NA,NA,FALSE,FALSE,85165
12/20/2019 04:10:00 PM,12/21/2019 09:46:26 AM,Crocheron Park,Golden Lake Pond,Mute Swan,Central,Invasive,Injured,3,Adult,Birds,311-01435926,ACC,1,FALSE,TRUE,NA,2,FALSE,FALSE,84418
12/20/2019 04:05:00 PM,12/20/2019 04:13:00 AM,Crocheron Park,Golden Pond,Mute Swan,Central,Invasive,Healthy,0.75,Adult,Birds,3110143030,Advised/Educated others,1,FALSE,FALSE,NA,NA,FALSE,FALSE,NA
12/16/2019 02:00:00 PM,12/16/2019 02:15:00 AM,Rainey Park,Walking fence,Guineafowl,Public,Domestic,Healthy,3,Adult,Birds;#Domestic,3-11-01395036,ACC,1,FALSE,TRUE,NA,1,FALSE,FALSE,52439
12/14/2019 11:30:00 AM,12/14/2019 11:43:00 AM,Bowne Park,Near Bowne Park Pond,Canada Goose,Employee,Native,DOA,0.1,Adult,Birds,3-11-01379236,Relocated/Condition Corrected,1,FALSE,FALSE,NA,NA,FALSE,FALSE,NA
12/10/2019 11:15:00 AM,12/10/2019 11:15:00 AM,Rockaway Beach and Boardwalk,Beach 17th street,Ring-billed Gull,Observed by Ranger,Native,Injured,2.5,Adult,Birds,311-01346762,ACC,1,FALSE,FALSE,NA,NA,FALSE,FALSE,52439
12/05/2019 01:30:00 PM,12/05/2019 02:50:00 PM,Alley Pond Park,Alley Pond Giant Trail,Domestic Rabbit,Employee,Domestic,Healthy,1,Adult,Domestic;#Small Mammals-non RVS,NA,Unfounded,0,FALSE,FALSE,NA,NA,FALSE,FALSE,NA
12/03/2019 10:00:00 AM,12/03/2019 10:00:00 AM,Powell's Cove Park,Waters edge by the 130th St. entrance,Sea turtle,Observed by Ranger,Native,DOA,1,Juvenile,Marine Reptiles,NA,Relocated/Condition Corrected,1,FALSE,FALSE,NA,NA,FALSE,FALSE,NA
11/28/2019 03:00:00 PM,11/28/2019 03:10:00 PM,Oakland Lake,Along path in-between ice ladders #9 and #10,Raccoon,Central,Native,Unhealthy,0.25,Adult,Small Mammals-RVS,NA,Unfounded,0,FALSE,FALSE,NA,NA,FALSE,FALSE,NA
11/26/2019 02:30:00 PM,11/26/2019 02:48:00 PM,Little Bay Park,By water,Shorebird (Unknown),Employee,Native,Injured,0.5,Adult,Birds,NA,Unfounded,0,FALSE,FALSE,NA,NA,FALSE,FALSE,NA
11/25/2019 03:45:00 PM,11/25/2019 03:45:00 PM,Sorrentino Recreation Center,Front of Recreation Center,Cat,Central,Domestic,Healthy,1.75,Infant,Domestic,311-01235361,ACC,1,FALSE,FALSE,NA,NA,FALSE,FALSE,82435
11/11/2019 01:00:00 PM,11/11/2019 01:15:00 PM,Baisley Pond Park,Near lake,Cat,Central,Domestic,Healthy,1,Adult,Domestic,NA,Unfounded,0,FALSE,FALSE,NA,NA,FALSE,FALSE,NA
11/07/2019 10:15:00 AM,11/07/2019 10:20:00 AM,Roy Wilkins Recreation Center,Recreation center,Dog,Employee,Domestic,Healthy,2,Adult,Domestic,311-01079571,ACC,1,FALSE,FALSE,NA,NA,FALSE,FALSE,80931
10/30/2019 11:00:00 AM,10/30/2019 11:10:00 AM,Little Bay Park,Parking Lot,Herring Gull,Public,Native,Injured,1,Juvenile,Birds,3-11-01006730,ACC,1,FALSE,FALSE,NA,NA,FALSE,FALSE,105178
10/25/2019 11:00:00 AM,10/25/2019 02:45:00 PM,Catharine Turner Richardson Park,Pine Street and Douglaston Parkway,Virginia Opossum,Public,Native,Injured,1,Infant,Small Mammals-non RVS,NA,Unfounded,0,FALSE,FALSE,NA,NA,FALSE,FALSE,NA
10/25/2019 11:07:00 AM,10/25/2019 03:00:00 PM,Crocheron Park,Golden Pond,Mute Swan,Employee,Invasive,Injured,0.5,Adult,Birds,NA,Monitored Animal,1,FALSE,TRUE,NA,0.5,FALSE,FALSE,NA
10/23/2019 02:35:00 PM,10/23/2019 02:35:00 PM,Dubos Point Wildlife Sanctuary,Beach 65th Street and Bayfield Ave,Herring Gull,Observed by Ranger,Native,Injured,1.5,Juvenile,Birds,311-00949784,ACC,1,FALSE,FALSE,NA,NA,FALSE,FALSE,79623
10/23/2019 10:15:00 AM,10/23/2019 10:20:00 AM,Dubos Point Wildlife Sanctuary,Beach 65th Street and Bayfield Ave,Dolphin (Unknown),Employee,Native,DOA,4,Juvenile,"Marine Mammals-whales, Dolphin",311-00949411,Relocated/Condition Corrected,1,FALSE,FALSE,Atlantic Marine Conservation Society,NA,FALSE,FALSE,NA
10/20/2019 11:10:00 AM,10/20/2019 11:15:00 AM,Alley Pond Park,Athletic Building on basement stairs in lower Alley Pond Park,Raccoon,Central,Native,Unhealthy,2.25,Adult,Small Mammals-RVS,311-00923375,ACC,1,FALSE,FALSE,NA,NA,FALSE,FALSE,79352
10/17/2019 11:15:00 AM,10/17/2019 11:45:00 AM,Baisley Pond Park,122nd ave & lakeview blvd e,Dog,Employee,Domestic,Healthy,3,Adult,Domestic,NA,Unfounded,0,FALSE,FALSE,NA,NA,FALSE,FALSE,NA
10/11/2019 10:45:00 AM,10/11/2019 11:00:00 AM,Forest Park,"Rose Ave and Bowne St, 40.746590, -73.810660",Raccoon,Central,Native,Unhealthy,2.5,Juvenile,Small Mammals-RVS,311-00850635,ACC,1,TRUE,FALSE,NA,NA,FALSE,FALSE,78488
10/08/2019 01:15:00 PM,10/08/2019 01:30:00 PM,Flushing Meadows Corona Park,Boathouse (Meadow Lake),Duck (Unknown),Central,Native,Injured,0.75,Adult,Birds,NA,Unfounded,0,FALSE,FALSE,NA,NA,FALSE,FALSE,NA
10/08/2019 02:00:00 PM,10/08/2019 02:00:00 PM,Flushing Meadows Corona Park,Boathouse (Meadow Lake),Domestic Duck,Observed by Ranger,Domestic,Healthy,1,Adult,Birds,311-00827720,ACC,1,FALSE,FALSE,NA,NA,FALSE,FALSE,78185
10/02/2019 01:15:00 PM,10/02/2019 01:20:00 PM,Flushing Meadows Corona Park,"Pier 3 at World's Fair Marina, Marina Rd and Boat Basin Pl",Mute Swan,Central,Invasive,Injured,1.25,Adult,Birds,311-00779911,Monitored Animal,1,FALSE,TRUE,NA,0.5,FALSE,FALSE,NA
10/01/2019 09:30:00 AM,10/01/2019 10:20:00 AM,Rainey Park,34th Ave and Vernon Blvd,Domestic Turkey,Public,Domestic,Healthy,1,Adult,Domestic;#Birds,NA,Unfounded,0,FALSE,FALSE,NA,NA,FALSE,FALSE,NA
09/29/2019 12:28:00 PM,09/29/2019 01:45:00 PM,Flushing Meadows Corona Park,World's Fair Marina,Mute Swan,Employee,Invasive,Injured,2,Adult,Birds,NA,Monitored Animal,1,FALSE,TRUE,NA,0.75,FALSE,FALSE,NA
09/26/2019 01:00:00 PM,09/26/2019 01:40:00 PM,Forest Park,Green House Skate Park area,Eastern Gray Squirrel,Public,Native,Healthy,1,Infant,Small Mammals-non RVS,311-00733361,ACC,1,FALSE,FALSE,NA,NA,FALSE,FALSE,77017
09/25/2019 10:00:00 AM,09/25/2019 10:30:00 AM,Green street at Intersection of 120th Street and Marsden Avenue,Green street at Intersection of 120th Street and Marsden Avenue,Dog,Employee,Domestic,Injured,2.5,Adult,Domestic,311-007-22765,ACC,1,FALSE,FALSE,NA,NA,FALSE,FALSE,76887
09/17/2019 05:00:00 PM,09/17/2019 05:00:00 PM,Flushing Meadows Corona Park,FMCP Marina,Herring Gull,Central,Native,Injured,0.75,Adult,Birds,311-00659088,Unfounded,0,FALSE,FALSE,NA,NA,FALSE,FALSE,NA
09/14/2019 12:45:00 PM,09/14/2019 01:12:00 PM,Flushing Meadows Corona Park,Boathouse Bridge,Domestic Duck,Central,Domestic,Healthy,0.5,Adult,Domestic;#Birds,NA,Relocated/Condition Corrected,1,FALSE,FALSE,NA,NA,FALSE,FALSE,NA
09/12/2019 10:15:00 AM,09/12/2019 02:15:00 PM,Flushing Meadows Corona Park,World's Fair Marina,Raccoon,Employee,Native,Unhealthy,3,Juvenile,Small Mammals-RVS,311-00621648,ACC,1,TRUE,FALSE,NA,NA,FALSE,FALSE,75636
09/11/2019 05:40:00 PM,09/12/2019 03:15:00 PM,Bowne Park,Near the pond,Canada Goose,Central,Native,Injured,0.75,Adult,Birds,NA,Unfounded,0,FALSE,FALSE,NA,NA,FALSE,FALSE,NA
09/12/2019 02:50:00 PM,09/12/2019 02:55:00 PM,Kissena Park,148th street and 59th avenue,Tortoise (Unknown),Employee,Exotic,Healthy,1.5,Adult,Terrestrial Reptile or Amphibian,311-00616991,Relocated/Condition Corrected,1,FALSE,FALSE,NA,NA,FALSE,FALSE,NA
09/11/2019 10:30:00 AM,09/11/2019 10:36:00 AM,Francis Lewis Park,On grass along the edge of the park,Virginia Opossum,Employee,Native,Unhealthy,1,Juvenile,Small Mammals-non RVS,311-00-60-59-72,Rehabilitator,1,FALSE,FALSE,Bobby Horvath,NA,FALSE,FALSE,NA
09/10/2019 08:45:00 AM,09/10/2019 09:00:00 AM,Forest Park,Greenhouse,Raccoon,Employee,Native,Healthy,2,Adult,Small Mammals-RVS,NA,Relocated/Condition Corrected,1,FALSE,FALSE,NA,NA,FALSE,FALSE,NA
09/08/2019 03:25:00 PM,09/08/2019 03:25:00 PM,Forest Park,"Strack Pond, entrance near parking lot",Domestic Duck,Public,Domestic,Healthy,2.5,Adult,Domestic,311-00581346,ACC,3,FALSE,FALSE,NA,NA,FALSE,FALSE,"75224, 75225, 75226"
09/08/2019 11:40:00 AM,09/08/2019 01:12:00 PM,Flushing Meadows Corona Park,World's Fair Marina,Gull (Unknown),Employee,Native,Injured,0.5,Adult,Birds,NA,Unfounded,0,FALSE,FALSE,NA,NA,FALSE,FALSE,NA
09/07/2019 11:15:00 AM,09/07/2019 11:18:00 AM,Kissena Park,"On fence near Tennis court 4 -  40.747338, 73.809478",Raccoon,Central,Native,Unhealthy,3,Juvenile,Small Mammals-RVS,31100570027,ACC,1,FALSE,FALSE,NA,NA,FALSE,FALSE,75092
09/04/2019 01:20:00 PM,09/04/2019 01:30:00 PM,Flushing Meadows Corona Park,Meadow Lake,Domestic Duck,Other,Domestic,Healthy,1.5,Adult,Domestic;#Birds,NA,Monitored Animal,1,FALSE,FALSE,NA,NA,FALSE,FALSE,NA
09/04/2019 10:15:00 AM,09/04/2019 10:30:00 AM,Forest Park,Golf course parking lot,Raccoon,Employee,Native,DOA,1,Juvenile,Small Mammals-RVS,311-00544663,Relocated/Condition Corrected,1,FALSE,FALSE,NA,NA,FALSE,FALSE,NA
09/01/2019 12:00:00 PM,09/01/2019 12:53:00 PM,Juniper Valley Park,Juniper Blvd S and 71st St,Eastern Gray Squirrel,Employee,Native,Injured,1.25,Infant,Small Mammals-non RVS,311-00522290,ACC,1,FALSE,FALSE,NA,NA,FALSE,FALSE,NA
08/26/2019 01:30:00 PM,08/26/2019 01:45:00 PM,Forest Park,Forest Park Drive across from Bandshell,Woodpecker (Unknown),Employee,Native,Injured,1.25,Adult,Birds,311-00474512,ACC,1,FALSE,FALSE,NA,NA,FALSE,FALSE,NA
08/25/2019 12:20:00 PM,08/25/2019 12:35:00 PM,Cunningham Park,"Near dumpsters in wood-chipping/compost area. 40.729339, -73.770816",Raccoon,Employee,Native,Unhealthy,2,Adult,Small Mammals-RVS,311-004-66939,ACC,1,FALSE,FALSE,NA,NA,FALSE,FALSE,73909
08/21/2019 02:00:00 PM,08/21/2019 02:05:00 PM,Captain Tilly Park,"Chapin Pkwy. &, Gothic Dr",Eastern Gray Squirrel,Observed by Ranger,Native,Healthy,2.5,Infant,Small Mammals-non RVS,311-004-355-79,ACC,1,FALSE,FALSE,NA,NA,FALSE,FALSE,73496
08/22/2019 01:30:00 PM,08/22/2019 02:45:00 PM,Bowne Park,159th and 29th Ave,Turtle (Unknown),Central,Native,Injured,1.5,Adult,Terrestrial Reptile or Amphibian,NA,Unfounded,0,FALSE,FALSE,NA,NA,FALSE,FALSE,NA
08/20/2019 02:15:00 PM,08/20/2019 02:25:00 PM,Long Island Mews,51st Road & 51st Ave.,Chicken,Central,Domestic,Healthy,1.5,Adult,Domestic,311-004-260-36,ACC,1,FALSE,FALSE,NA,NA,FALSE,FALSE,94862
08/15/2019 10:30:00 AM,08/15/2019 11:15:00 AM,Rockaway Beach and Boardwalk,Beach 40th Street on Shore,Great Black-Backed Gull,Employee,Native,Injured,1.5,Adult,Birds,311-00386321,ACC,1,FALSE,FALSE,NA,NA,FALSE,FALSE,72720
08/08/2019 04:00:00 PM,08/10/2019 11:30:00 AM,Cunningham Park,Stand of trees behind Tennis Center,Guineafowl,Employee,Domestic,Healthy,2.5,Adult,Domestic;#Birds,311-00348657,Rehabilitator,2,FALSE,TRUE,Bobby Horvath,1,FALSE,FALSE,NA
08/09/2019 02:30:00 PM,08/09/2019 02:35:00 PM,Queens Botanical Garden,Near Visitor Center,Great Blue Heron,Employee,Native,Injured,4,Adult,Birds,311-00342099,Rehabilitator,1,FALSE,FALSE,Wild Bird Fund,NA,FALSE,FALSE,NA
08/08/2019 04:00:00 PM,08/09/2019 01:07:00 PM,Cunningham Park,Behind the Tennis Center,Guineafowl,Employee,Domestic,Healthy,1,Adult,Domestic;#Birds,NA,Unfounded,0,FALSE,FALSE,NA,NA,FALSE,FALSE,NA
08/01/2019 08:30:00 AM,08/01/2019 09:15:00 AM,Highland Park,Near parking lot on Vermont Pl,Dog,Public,Domestic,Healthy,1,Adult,Domestic,311-00277739,Rehabilitator,1,FALSE,FALSE,Humane Society,NA,FALSE,FALSE,NA
08/01/2019 08:00:00 AM,08/01/2019 08:40:00 AM,Forest Park,Forest Park Greenhouse,Raccoon,Employee,Native,Healthy,1,Adult,Small Mammals-RVS,NA,Relocated/Condition Corrected,1,FALSE,FALSE,NA,NA,FALSE,FALSE,NA
07/25/2019 10:15:00 AM,07/25/2019 10:18:00 AM,Forest Park,Jackson Pond Playground,American Robin,Employee,Native,Healthy,0.75,Juvenile,Birds,NA,Relocated/Condition Corrected,1,FALSE,FALSE,NA,NA,FALSE,FALSE,NA
07/21/2019 01:00:00 PM,07/21/2019 01:00:00 PM,Forest Park,Carousel,Raccoon,Other,Native,Healthy,0.5,Adult;#Juvenile,Small Mammals-RVS,NA,Advised/Educated others,2,FALSE,TRUE,NA,0.5,FALSE,FALSE,NA
07/18/2019 09:00:00 AM,07/18/2019 09:30:00 AM,Forest Park,Next to Overlook Building,American Robin,Employee,Native,Healthy,0.25,Juvenile,Birds,311-00159834,Relocated/Condition Corrected,1,FALSE,FALSE,NA,NA,FALSE,FALSE,NA
07/16/2019 03:15:00 PM,07/16/2019 03:30:00 PM,Fort Totten Park,Pool,Raccoon,Employee,Native,Healthy,0.5,Juvenile,Small Mammals-RVS,311-00147184,Monitored Animal,1,TRUE,TRUE,NA,0.5,FALSE,FALSE,NA
07/15/2019 12:30:00 PM,07/15/2019 12:45:00 PM,Queens borough Hall,120-55 Queens Boulevard,Red-tailed Hawk,Employee,Native,Injured,1,Juvenile,Raptors,311-00136399,Unfounded,0,FALSE,FALSE,NA,NA,FALSE,FALSE,NA
07/13/2019 01:00:00 PM,07/13/2019 01:03:00 PM,Highland Park,On path by comfort station next to parking lot,Cat,Central,Domestic,Unhealthy,1.5,Adult,Domestic,311-00 120 700,ACC,1,FALSE,FALSE,NA,NA,FALSE,FALSE,88981
07/12/2019 11:30:00 AM,07/12/2019 12:00:00 AM,Rockaway Beach and Boardwalk,Beach 36th Street on Shore,Laughing Gull,Employee,Native,Injured,4,Adult,Birds,1-1-00113080,Rehabilitator,1,FALSE,FALSE,Wild Bird Fund,NA,FALSE,FALSE,NA
07/09/2019 04:30:00 PM,07/10/2019 01:30:00 PM,Utopia Parkway and 77th Road,Nest in a street tree,American Robin,Other,Native,Healthy,1,Infant,Birds,NA,Relocated/Condition Corrected,2,FALSE,FALSE,NA,NA,FALSE,FALSE,NA
07/08/2019 12:30:00 PM,07/08/2019 12:45:00 PM,Kissena Park,Kissena Lake,Domestic Goose,Employee,Domestic,Healthy,1.75,Adult,Birds,NA,Monitored Animal,3,FALSE,FALSE,NA,NA,FALSE,FALSE,NA
07/08/2019 02:00:00 PM,07/08/2019 02:45:00 PM,Fort Totten Park,Picnic tables next to the pool,Raccoon,Central,Native,N/A,1,Infant,Small Mammals-RVS,NA,Unfounded,0,FALSE,FALSE,NA,NA,FALSE,FALSE,NA
07/03/2019 12:15:00 PM,07/03/2019 12:15:00 PM,Forest Park,Park Lane South and Mayfair Road,Chicken,Employee,Domestic,Healthy,1.5,Adult,Birds,311-000-40961,ACC,1,FALSE,FALSE,NA,NA,FALSE,FALSE,67997
06/27/2019 10:15:00 AM,06/27/2019 10:21:00 AM,Alley Pond Park,Alley Pond Golf Center,Bird (Unknown),Employee,Native,Injured,0.5,Adult,Birds,NA,Unfounded,0,FALSE,FALSE,NA,NA,FALSE,FALSE,NA
06/27/2019 08:45:00 AM,06/27/2019 09:00:00 AM,Forest Park,Overlook,American Robin,Employee,Native,Healthy,1,Juvenile,Birds,1-1-1734765030,Relocated/Condition Corrected,1,FALSE,FALSE,NA,NA,FALSE,FALSE,NA
06/24/2019 02:00:00 PM,06/24/2019 02:06:00 PM,Alley Pond Park,Close to Adventure Course,Bird (Unknown),Employee,Native,Unhealthy,3,Infant,Birds,1-1-1740483540,Rehabilitator,3,FALSE,FALSE,Wild Bird Fund,NA,FALSE,FALSE,NA
06/22/2019 09:30:00 AM,06/22/2019 09:35:00 AM,Flushing Meadows Corona Park,West Side of Meadow Lake by Jurassic Playground,Mallard Duck,Central,Native,Injured,1.5,Adult,Birds,1-1-1739105109,ACC,1,FALSE,FALSE,NA,NA,FALSE,FALSE,86028
06/21/2019 09:00:00 AM,06/21/2019 12:30:00 PM,Street Tree in Sunnyside,"39-08 47th Street, Sunnyside, Queens",Raccoon,Employee,Native,DOA,1,Adult,Small Mammals-RVS,NA,Relocated/Condition Corrected,1,FALSE,FALSE,NA,NA,FALSE,FALSE,NA
06/18/2019 09:00:00 AM,06/18/2019 09:00:00 AM,Astoria Park,Under Robert F. Kennedy Bridge,Red-tailed Hawk,Central,Native,Unhealthy,1.5,Juvenile,Raptors,1-1-1734191740,Rehabilitator,3,FALSE,FALSE,Bobby Horvath,NA,FALSE,FALSE,NA
06/17/2019 02:50:00 PM,06/17/2019 02:55:00 PM,Kissena Park,"164th St and Underhill Ave (40.746634, -73.804164)",Raccoon,Employee,Native,Unhealthy,3,Juvenile,Small Mammals-RVS,1-1-1732200884,ACC,1,FALSE,FALSE,NA,NA,FALSE,FALSE,66287
06/07/2019 03:15:00 PM,06/08/2019 09:30:00 AM,Flushing Meadows Corona Park,Tide Gate Bridge,Double-crested Cormorant,Employee,Native,Injured,1.5,Adult,Birds,NA,Unfounded,0,FALSE,FALSE,NA,NA,FALSE,FALSE,NA
06/07/2019 03:15:00 PM,06/07/2019 03:20:00 PM,Flushing Meadows Corona Park,Tide Gate Bridge,Double-crested Cormorant,Employee,Native,Injured,2.5,Adult,Birds,NA,Monitored Animal,1,FALSE,TRUE,NA,0.25,FALSE,FALSE,NA
06/07/2019 04:30:00 PM,06/07/2019 05:10:00 PM,Harvey Park,144th Street and 20th Avenue,Raccoon,Central,Native,Unhealthy,0.5,Adult,Small Mammals-RVS,NA,Unfounded,0,FALSE,FALSE,NA,NA,FALSE,FALSE,NA
06/05/2019 02:15:00 PM,06/05/2019 03:14:00 PM,Rockaway Beach and Boardwalk,Rockaway Beach 97th St. PEP Command,Domestic Dove,Employee,Domestic,Injured,3,Adult,Birds,1-1-1727634700,ACC,1,FALSE,FALSE,NA,NA,FALSE,FALSE,65025
05/22/2019 02:50:00 PM,05/22/2019 03:34:00 PM,Kissena Park,Oak Ave and Underhill Ave across from the playground,Common Snapping Turtle,Central,Native,Injured,1.5,Juvenile,Terrestrial Reptile or Amphibian,1-1-1724432609,Rehabilitator,1,FALSE,FALSE,Bobby Horvath,NA,FALSE,FALSE,NA
05/11/2019 01:10:00 PM,05/11/2019 01:10:00 PM,Forest Park,Forest Park Visitor Center,Bird (Unknown),Public,Native,Healthy,2.5,Infant,Birds,1-1-171611660,Rehabilitator,1,FALSE,FALSE,Wild Bird Fund,NA,FALSE,FALSE,NA
05/09/2019 09:14:00 AM,05/09/2019 09:14:00 AM,Oakland Lake,On main loop,Canada Goose,Central,Native,Injured,0.75,Adult,Birds,NA,Unfounded,0,FALSE,FALSE,NA,NA,FALSE,FALSE,NA
05/12/2019 11:00:00 AM,05/12/2019 11:30:00 AM,Cambria Playground,Francis Lewis Blvd and 120th Ave,Guineafowl,Central,Native,Injured,2,Adult,Birds,1-1-1715195702,ACC,1,FALSE,FALSE,NA,NA,FALSE,FALSE,62613
05/08/2019 02:30:00 PM,05/08/2019 03:00:00 PM,Kissena Park,Kissena Lake,Fish (Unknown),Employee,Native,Healthy,0.5,Adult;#Juvenile,Fish-numerous quantity;#Terrestrial Reptile or Amphibian,NA,Unfounded,0,FALSE,FALSE,NA,NA,FALSE,FALSE,NA
05/03/2019 11:25:00 AM,05/03/2019 11:30:00 AM,Alley Pond Park,Springfield Blvd and 74th Ave,Cat,Central,Domestic,Injured,2.5,Adult,Domestic,1-1-1716062206,ACC,1,FALSE,FALSE,NA,NA,FALSE,FALSE,61753
04/28/2019 08:30:00 AM,04/28/2019 09:37:00 AM,Forest Park,Trails near Victory Field,Raccoon,Public,Native,Unhealthy,0.5,Adult,Small Mammals-RVS,1-1-171466824,Unfounded,0,FALSE,FALSE,NA,NA,FALSE,FALSE,NA
04/22/2019 10:30:00 AM,04/22/2019 01:21:00 PM,Rockaway Beach and Boardwalk,Beach 23rd Street inside plover site,Northern Gannet,Employee,Native,Injured,2.25,Juvenile,Birds,1-1-1709572321,ACC,1,FALSE,FALSE,NA,NA,FALSE,FALSE,60715
04/21/2019 02:00:00 PM,04/21/2019 02:48:00 PM,Astoria Park,Basketball Courts,Budgerigar Parakeet,Public,Domestic,Healthy,1.25,Adult,Birds,NA,Unfounded,0,FALSE,FALSE,NA,NA,FALSE,FALSE,NA
04/17/2019 11:30:00 AM,04/17/2019 11:45:00 AM,Kissena Park,Underhill Ave and 164th St,Raccoon,Employee,Native,Unhealthy,1.5,Adult,Small Mammals-RVS,NA,Unfounded,0,FALSE,FALSE,NA,NA,FALSE,FALSE,NA
04/19/2019 01:00:00 PM,04/19/2019 01:05:00 PM,Kissena Park,Underhill Ave and 164th St,Raccoon,Employee,Native,Injured,1.5,Adult,Small Mammals-RVS,NA,Unfounded,0,FALSE,FALSE,NA,NA,FALSE,FALSE,NA
04/14/2019 12:25:00 PM,04/14/2019 12:25:00 PM,Highland Park,Near entrance to path through Basin 2,Cockatiel,Observed by Ranger,Domestic,Healthy,1.75,Adult,Birds,1-1-1703221094,ACC,1,FALSE,FALSE,NA,NA,FALSE,FALSE,59971
04/11/2019 11:45:00 AM,04/11/2019 11:51:00 AM,Forest Park,Entrance to blue trail past Victory Field,Raccoon,Employee,Native,DOA,1,Adult,Small Mammals-RVS,NA,Relocated/Condition Corrected,1,FALSE,FALSE,NA,NA,FALSE,FALSE,NA
04/09/2019 02:00:00 PM,04/09/2019 02:20:00 PM,Alley Pond Park,"On perimeter of Little Alley Pond (40.740234, -73.740571)",Raccoon,Public,Native,DOA,0.5,Adult,Small Mammals-RVS,1-1-1704077610,Relocated/Condition Corrected,1,FALSE,FALSE,NA,NA,FALSE,FALSE,NA
04/08/2019 01:15:00 PM,04/08/2019 01:17:00 PM,Rockaway Beach 48 Street,On the sand in the plover site,Dog,Employee,Domestic,Healthy,2.25,Adult,Domestic,1-1-1-705059331,ACC,1,FALSE,FALSE,NA,NA,FALSE,FALSE,76392
04/07/2019 12:30:00 PM,04/07/2019 01:20:00 PM,Forest Park,"Tennis Courts (40.697601, -73.856528)",Raccoon,Employee,Native,DOA,1.5,Adult,Small Mammals-RVS,1-1-1701121600,ACC,1,FALSE,FALSE,NA,NA,FALSE,FALSE,59423
04/04/2019 08:30:00 AM,04/04/2019 08:40:00 AM,Kissena Park,"Rose Ave and Parsons Blvd in the park on the staircase by the tennis courts (40.7477253, -738101592)",Raccoon,Employee,Native,Unhealthy,3.5,Adult,Small Mammals-RVS,1-1-1700464690,ACC,1,FALSE,FALSE,NA,NA,FALSE,FALSE,75888
04/03/2019 10:30:00 AM,04/03/2019 11:00:00 AM,Kissena Park,Kissena Lake,Mute Swan,Public,Invasive,Healthy,0.5,Adult,Birds,NA,Monitored Animal,1,FALSE,TRUE,NA,0.5,FALSE,FALSE,NA
04/03/2019 10:15:00 AM,04/03/2019 10:30:00 AM,Flushing Meadows Corona Park,"Near Triassic Playground (40.729679, -73.834498)",Raccoon,Employee,Native,Unhealthy,1,Juvenile,Small Mammals-RVS,1-1-1694669900,ACC,1,FALSE,FALSE,NA,NA,FALSE,FALSE,58987
03/30/2019 01:00:00 PM,03/30/2019 01:30:00 PM,Forest Park,"40.704718, -73.839654",Raccoon,Employee,Native,Unhealthy,3,Adult,Small Mammals-RVS,1-1-1700071375,ACC,1,FALSE,FALSE,NA,NA,FALSE,FALSE,58634
03/30/2019 02:45:00 PM,03/30/2019 03:05:00 PM,College Point Park,"College Point Blvd & 14th Ave (40.7855485,-73.8458702)",Raccoon,Employee,Native,Unhealthy,1.5,Adult,Small Mammals-RVS,1-1-1694669765,Unfounded,0,FALSE,FALSE,NA,NA,TRUE,FALSE,NA
03/27/2019 11:30:00 AM,03/27/2019 11:30:00 AM,Forest Park,"Behind Visitor Center (40.700421, -73.855356)",Raccoon,Public,Native,Unhealthy,1,Juvenile,Small Mammals-RVS,1-1-1694760831,ACC,1,FALSE,FALSE,NA,NA,FALSE,FALSE,58319
03/26/2019 03:45:00 PM,03/26/2019 03:50:00 PM,Dubos Point Wildlife Sanctuary,"Near entrance of park, Bay 65th St and Bayfield Ave",Dolphin (Unknown),Central,Native,Injured,2.25,Adult,"Marine Mammals-whales, Dolphin",1-1-1697120443,Unfounded,0,FALSE,FALSE,NA,NA,FALSE,FALSE,NA
03/24/2019 12:00:00 PM,03/26/2019 01:48:00 PM,Alley Pond Park,Oakland Lake,Raccoon,Employee,Native,DOA,0.5,Adult,Small Mammals-RVS,1-1-1698518035,Unfounded,0,FALSE,FALSE,NA,NA,FALSE,FALSE,NA
03/26/2019 12:00:00 PM,03/26/2019 01:00:00 PM,Roy Wilkins Recreation Center,Vicinity of Roy Wilkins Rec Ctr,Dog,Employee,Domestic,Healthy,2.5,Adult,Domestic,1-1-1694760721,ACC,1,FALSE,FALSE,NA,NA,FALSE,FALSE,58241
03/25/2019 03:20:00 PM,03/25/2019 03:25:00 PM,Macneil Park,"Next to the fence along the waterside; cross streets: Poppenhusen Ave & College Place; 40.793161, -73.848586",Raccoon,Employee,Native,DOA,2,Adult,Small Mammals-RVS,1-1-1-695100881,ACC,1,FALSE,FALSE,NA,NA,FALSE,FALSE,74807
03/25/2019 03:30:00 PM,03/25/2019 03:45:00 PM,Forest Park,"40.703437, -73.844306",Raccoon,Employee,Native,DOA,0.75,Adult,Small Mammals-RVS,1-1-1696746680,ACC,1,FALSE,FALSE,NA,NA,FALSE,FALSE,58159
03/25/2019 01:40:00 PM,03/25/2019 01:53:00 PM,Forest Park,"Near railroad tracks, entrance by Joseph E. Devoy Playground",Raccoon,Public,Native,DOA,0.75,Adult,Small Mammals-RVS,NA,Unfounded,0,FALSE,FALSE,NA,NA,FALSE,FALSE,NA
03/25/2019 08:30:00 AM,03/25/2019 09:16:00 AM,Marco Giovanelli Playground,"40.699031, -73.846816, Park Lane South and Freedom Drive",Raccoon,Employee,Native,Unhealthy,1.75,Adult,Small Mammals-RVS,1-1-1695100840,ACC,1,FALSE,FALSE,NA,NA,FALSE,FALSE,58076
03/22/2019 03:25:00 PM,03/22/2019 03:30:00 PM,Forest Park,"Greenhouse, near stairs to basement",Raccoon,Employee,Native,Healthy,1,Juvenile,Small Mammals-RVS,NA,Relocated/Condition Corrected,1,FALSE,FALSE,NA,NA,FALSE,FALSE,NA
03/21/2019 09:00:00 AM,03/21/2019 02:45:00 PM,Forest Park,"Union/Myrtle, and Myrtle/Park Ln S",Raccoon,Public,Native,DOA,0.75,Adult,Small Mammals-RVS,NA,Unfounded,0,FALSE,FALSE,NA,NA,FALSE,FALSE,NA
03/19/2019 02:00:00 PM,03/19/2019 02:00:00 PM,Highland Park,Ridgewood Reservoir,Mute Swan,Other,Invasive,Healthy,4,Juvenile,Birds,NA,Relocated/Condition Corrected,1,FALSE,TRUE,NA,1,FALSE,FALSE,NA
03/20/2019 11:00:00 AM,03/20/2019 11:00:00 AM,Highland Park,"vehicle access ramp to Ridgewood Reservoir path, 40.691041,-73.884486",Striped Skunk,Observed by Ranger,Native,Unhealthy,2.5,Adult,Small Mammals-RVS,1-1-196740070,ACC,1,FALSE,FALSE,NA,NA,FALSE,FALSE,57645
03/20/2019 09:10:00 AM,03/20/2019 09:16:00 AM,Flushing Meadows Corona Park,"Olmstead Garage (40.7519437, -73.8510035)",Raccoon,Employee,Native,Unhealthy,4.5,Adult,Small Mammals-RVS,1-1-1696740070,ACC,1,FALSE,FALSE,NA,NA,FALSE,FALSE,74207
03/18/2019 04:45:00 PM,03/18/2019 04:55:00 PM,Flushing Meadows Corona Park,Olmsted Center,Raccoon,Central,Native,Injured,0.25,Adult,Small Mammals-RVS,1-1-1694268370,Unfounded,0,TRUE,FALSE,NA,NA,FALSE,FALSE,NA
03/17/2019 11:00:00 AM,03/17/2019 11:00:00 AM,Forest Park,Myrtle Avenue and Park Lane South,Raccoon,Employee,Native,Healthy,1,Adult,Small Mammals-RVS,NA,Advised/Educated others,1,FALSE,FALSE,NA,NA,FALSE,FALSE,NA
03/14/2019 02:15:00 PM,03/14/2019 02:20:00 PM,Highland Park,"Behind  ballfield 4, 40.684058, -73.893347",Raccoon,Employee,Native,Unhealthy,1.5,Adult,Small Mammals-RVS,NA,Monitored Animal,1,FALSE,TRUE,NA,1,FALSE,FALSE,NA
03/14/2019 09:00:00 AM,03/14/2019 09:10:00 AM,Macneil Park,"40.793108, -73.851993",Raccoon,Employee,Native,DOA,2,Adult,Small Mammals-RVS,1-1-1694268171,Relocated/Condition Corrected,1,FALSE,FALSE,NA,NA,FALSE,FALSE,NA
03/14/2019 09:00:00 AM,03/14/2019 09:00:00 AM,Juniper Valley Park,"Juniper South Playground, 40.718657, -73.882332",Raccoon,Employee,Native,Unhealthy,2,Adult,Small Mammals-RVS,1-1-1689648890,ACC,1,FALSE,FALSE,NA,NA,FALSE,FALSE,57031
03/13/2019 03:00:00 PM,03/13/2019 04:00:00 PM,Forest Park,"88th Street and Myrtle Ave (40.702828, -73.858941)",Raccoon,Employee,Native,Injured,2,Juvenile,Small Mammals-RVS,1-1-1689343822,ACC,1,FALSE,FALSE,NA,NA,FALSE,FALSE,56993
03/11/2019 03:00:00 PM,03/11/2019 03:08:00 PM,Flushing Meadows Corona Park,Olmstead Center behind,Raccoon,Employee,Native,Unhealthy,1.5,Adult,Small Mammals-RVS,NA,Unfounded,0,FALSE,FALSE,NA,NA,FALSE,FALSE,NA
03/10/2019 01:30:00 PM,03/10/2019 01:35:00 PM,Forest Park,"Metropolitan Avenue and Forest Park Drive, 40.708480, -73.839022",Raccoon,Central,Native,Unhealthy,2,Juvenile,Small Mammals-RVS,1-1-1693006172,ACC,1,FALSE,FALSE,NA,NA,FALSE,FALSE,56771
03/09/2019 04:30:00 PM,03/09/2019 05:00:00 PM,Highland Park,On path between pump houses,Mute Swan,Public,Invasive,Injured,2.5,Juvenile,Birds,1-1-1690369940,Rehabilitator,1,FALSE,FALSE,Wild Bird Fund,NA,FALSE,FALSE,NA
03/02/2019 03:25:00 PM,03/02/2019 03:30:00 PM,Ehrenreich-Austin Playground,Austin Street and 77 th Rd,Raccoon,Public,Native,Unhealthy,1.5,Adult,Small Mammals-RVS,NA,ACC,1,FALSE,FALSE,NA,NA,FALSE,FALSE,NA
02/28/2019 09:05:00 AM,02/28/2019 09:05:00 AM,Park Of The Americas,41st Ave and 104th St,Dog,Central,Domestic,Healthy,1.25,Adult,Domestic,1-1-1688121140,ACC,1,FALSE,FALSE,NA,NA,FALSE,FALSE,55941
02/24/2019 12:00:00 PM,02/24/2019 12:00:00 PM,Highland Park,Vermont St and Bulwer Pl,Raccoon,Central,Native,Healthy,1.5,Adult,Small Mammals-RVS,NA,Monitored Animal,1,FALSE,FALSE,NA,NA,FALSE,FALSE,NA
02/18/2019 12:30:00 PM,02/18/2019 12:50:00 PM,Captain Tilly Park,Parks Building,Chicken,Employee,Domestic,Healthy,2.25,Juvenile,Domestic;#Birds,1-1-1682001291,ACC,1,FALSE,FALSE,NA,NA,FALSE,FALSE,55167
02/17/2019 03:25:00 PM,02/17/2019 03:30:00 PM,Joe Michaels Mile,"Cross Island Parkway: 40.764834, -73.758437",Raccoon,Public,Native,DOA,0.75,Adult,Small Mammals-RVS,NA,Relocated/Condition Corrected,1,FALSE,FALSE,NA,NA,FALSE,FALSE,NA
02/15/2019 09:30:00 AM,02/15/2019 10:15:00 AM,Alley Pond Park,"Oakland Lake 40.75119, -73.759414",Raccoon,Employee,Native,Unhealthy,4,Adult,Small Mammals-RVS,1-1-1680782920,ACC,1,FALSE,FALSE,NA,NA,FALSE,FALSE,54915
02/05/2019 04:40:00 PM,02/05/2019 04:45:00 AM,Forest Park,"Near entrance to Forest Park Shop 40.700530, -73.857716",Raccoon,Public,Native,Injured,2.5,Adult,Small Mammals-RVS,1-1-1674319575,ACC,1,FALSE,FALSE,NA,NA,FALSE,FALSE,54220
02/01/2019 04:15:00 PM,02/01/2019 04:30:00 PM,Alley Pond Park,"40.7469661, -73.7453168   233rd Street and 67th Ave",Raccoon,Public,Native,Unhealthy,3,Adult,Small Mammals-RVS,1-1-1675124490,ACC,1,FALSE,FALSE,NA,NA,FALSE,FALSE,53924
01/30/2019 11:30:00 AM,01/30/2019 03:30:00 PM,Flushing Fields,149th Street and 26th Ave,Virginia Opossum,Employee,Native,Unhealthy,1.5,Adult,Small Mammals-non RVS,1-1-1676851197,Unfounded,0,FALSE,FALSE,NA,NA,FALSE,FALSE,NA
01/26/2019 10:00:00 AM,01/29/2019 03:35:00 PM,Forest Park,Close to 91st Street and Park Lane South,Raccoon,Public,Native,Unhealthy,0.25,Adult,Small Mammals-RVS,NA,Unfounded,0,FALSE,FALSE,NA,NA,FALSE,FALSE,NA
01/25/2019 04:00:00 PM,01/25/2019 04:05:00 PM,Udall's Park Preserve,Trail entry at Depew Ave and Orient Ave,Raccoon,Public,Native,Unhealthy,4.5,Adult,Small Mammals-RVS,1-1-1674668716,ACC,3,FALSE,FALSE,NA,NA,FALSE,FALSE,53427
01/24/2019 10:00:00 AM,01/24/2019 10:12:00 AM,Queens Farm Park,Little Neck Parkway and 74th Avenue,Red-tailed Hawk,Central,Native,Injured,1,Adult,Raptors,1-1-1668777621,Rehabilitator,1,FALSE,FALSE,Bobby Horvath,NA,FALSE,FALSE,NA
01/07/2019 12:20:00 PM,01/07/2019 12:21:00 PM,Bowne Park,Bowne Pond,Red-Eared Slider,Central,Invasive,Injured,0.5,Adult,Terrestrial Reptile or Amphibian,NA,Unfounded,0,FALSE,FALSE,NA,NA,FALSE,FALSE,NA
01/04/2019 09:05:00 AM,01/04/2019 09:10:00 AM,Juniper Valley Park,Juniper Blvd N and 79th St,Raccoon,Employee,Native,DOA,1,Adult,Small Mammals-RVS,NA,Relocated/Condition Corrected,1,FALSE,FALSE,NA,NA,FALSE,FALSE,NA
01/03/2019 03:20:00 PM,01/03/2019 03:20:00 PM,Flushing Meadows Corona Park Boathouse,Boathouse by Meadow Lake,Mallard Duck,Employee,Native,Injured,0.5,Adult,Birds,NA,Unfounded,0,FALSE,FALSE,NA,NA,FALSE,FALSE,NA
12/28/2018 02:30:00 PM,12/28/2018 03:30:00 AM,Harvey Park,Across the street,Sharp-shinned Hawk,Public,Native,DOA,0.25,Juvenile,Raptors,1-1-1659412770,Relocated/Condition Corrected,1,FALSE,FALSE,NA,NA,FALSE,FALSE,NA
12/29/2018 01:15:00 PM,12/29/2018 01:20:00 PM,Juniper Valley Park,Parkhouse at Dry Harbor Rd and 63rd Ave,Raccoon,Central,Native,Unhealthy,1.25,Adult,Small Mammals-RVS,1-1-1663249572,Unfounded,0,FALSE,FALSE,NA,NA,FALSE,FALSE,NA
12/27/2018 08:45:00 AM,12/27/2018 09:00:00 AM,Juniper Valley Park,Juniper Blvd North and 77th St,Eastern Gray Squirrel,Central,Native,Injured,1,Adult,Small Mammals-non RVS,1-1-1662427562,Unfounded,0,FALSE,FALSE,NA,NA,FALSE,FALSE,NA
12/26/2018 10:30:00 AM,12/26/2018 11:15:00 AM,Alley Pond Park,"On Trail that is around Oakland Lake (40.757929, -73.761438)",Raccoon,Employee,Native,Unhealthy,1.5,Adult,Small Mammals-RVS,1-1-1657709860,ACC,1,FALSE,FALSE,NA,NA,FALSE,FALSE,64763
12/20/2018 03:30:00 PM,12/20/2018 03:35:00 PM,Cunningham Park,"73rd Ave and Francis Lewis Blvd, SE corner",Raccoon,Central,Native,Unhealthy,2.5,Adult,Small Mammals-RVS,NA,Unfounded,0,FALSE,FALSE,NA,NA,FALSE,FALSE,NA
12/18/2018 09:00:00 AM,12/18/2018 09:15:00 AM,Frederick B. Judge Playground,"In Playground, under play equipment",Chicken,Employee,Domestic,Healthy,1,Juvenile,Domestic,1-1-1657709360,ACC,1,FALSE,FALSE,NA,NA,FALSE,FALSE,50725
12/12/2018 09:00:00 AM,12/12/2018 09:14:00 AM,Juniper Valley Park,"62-84 80th Street (approx address), 40.720669, -73.875839",Raccoon,Employee,Native,Unhealthy,2,Adult,Small Mammals-RVS,1-1-1656810042,ACC,1,FALSE,FALSE,NA,NA,FALSE,FALSE,50319
12/06/2018 09:04:00 AM,12/06/2018 09:30:00 AM,Little Bay Park,"Utopia Parkway and Cryders Lane  - 40.7887127, -73.7937753",Raccoon,Central,Native,Injured,3,Adult,Small Mammals-RVS,1-1-1-6654050701,ACC,1,FALSE,FALSE,NA,NA,FALSE,FALSE,49901
12/05/2018 10:15:00 AM,12/05/2018 10:30:00 AM,Alley Pond Park,entrance to the red trail,Raccoon,Employee,Native,Unhealthy,2.5,Adult,Small Mammals-RVS,NA,Unfounded,0,FALSE,FALSE,NA,NA,FALSE,FALSE,NA
12/01/2018 01:20:00 PM,12/01/2018 01:25:00 PM,Police Officer Edward Byrne Park,135th Ave and 133rd St,Chicken,Central,Domestic,Healthy,2,Juvenile,Domestic,1-1-1652016772,ACC,1,FALSE,FALSE,NA,NA,FALSE,FALSE,48535
11/29/2018 01:40:00 PM,11/29/2018 01:45:00 PM,Forest Park,"Between band shell and picnic area 40.699082, -73.858867",Striped Skunk,Employee,Native,Unhealthy,2.5,Adult,Small Mammals-RVS,1-1-1647482741,ACC,1,FALSE,FALSE,NA,NA,FALSE,FALSE,48364
11/29/2018 07:34:00 AM,11/29/2018 09:00:00 AM,Frank Golden Park,"Field near playground 40.784661, -73.832497",Raccoon,Central,Native,DOA,1,Juvenile,Small Mammals-RVS,1-1-1647544801,Relocated/Condition Corrected,1,FALSE,FALSE,NA,NA,FALSE,FALSE,NA
11/22/2018 02:18:00 PM,11/22/2018 02:25:00 PM,Forest Park,"Forest Park Drive and Woodhaven Blvd, near Pink picnic area - 40.6989848, -73.8586221",Raccoon,Central,Native,Unhealthy,2.75,Adult,Small Mammals-RVS,1-1-1648309854,ACC,1,FALSE,FALSE,NA,NA,FALSE,FALSE,47849
11/16/2018 12:30:00 PM,11/16/2018 01:00:00 PM,Fort Totten Park,Playground Ninety,Chicken,Employee,Domestic,Healthy,3,Juvenile,Domestic,1-1-1644544150,ACC,1,TRUE,FALSE,NA,NA,FALSE,FALSE,59258
11/16/2018 10:45:00 AM,11/16/2018 10:45:00 AM,Forest Park,Visitor Center,Bat (Unknown),Employee,Native,Unhealthy,1.75,Adult,Small Mammals-RVS,1-1-1641970575,Rehabilitator,1,FALSE,FALSE,Bobby Horvath,NA,FALSE,FALSE,NA
11/14/2018 12:00:00 PM,11/14/2018 12:27:00 PM,Alley Pond Park,"40.742848,-73.748945 Near ball field 6",Raccoon,Employee,Native,Unhealthy,2.75,Juvenile,Small Mammals-RVS,1-1-1644540981,ACC,1,FALSE,FALSE,NA,NA,FALSE,FALSE,47267
11/13/2018 12:30:00 PM,11/13/2018 12:45:00 PM,Forest Park,"Greenhouse 40.701450, -73.856800",Raccoon,Employee,Native,Unhealthy,2,Juvenile,Small Mammals-RVS,1-1-1644144971,ACC,1,FALSE,FALSE,NA,NA,FALSE,FALSE,47192
11/03/2018 03:32:00 PM,11/03/2018 03:38:00 PM,Crocheron Park,Golden Pond foot trails near residences,Raccoon,Public,Native,Injured,1,Adult,Small Mammals-RVS,1-1-1639903402,Unfounded,0,FALSE,FALSE,NA,NA,FALSE,FALSE,NA
11/02/2018 11:00:00 AM,11/02/2018 11:20:00 AM,Astoria Park,Astoria and Shore Blvd,Red-Bellied Woodpecker,Central,Native,Injured,2.5,Adult,Birds,1-1-1635959650,Rehabilitator,1,FALSE,FALSE,Wild Bird Fund,NA,FALSE,FALSE,NA
11/01/2018 09:00:00 AM,11/01/2018 09:08:00 AM,Cunningham Park,"Seven Gables Playground 40.743986,-73.7658497",Raccoon,Employee,Native,Unhealthy,3.5,Adult,Small Mammals-RVS,1-1-163660431,ACC,1,FALSE,FALSE,NA,NA,FALSE,FALSE,57344
11/01/2018 09:00:00 AM,11/01/2018 09:08:00 AM,Alley Pond Park,"Trails near Adventure Course, 40.741493, -73.741202",Raccoon,Observed by Ranger,Native,Unhealthy,2.75,Adult,Small Mammals-RVS,1-1-1629621651,ACC,1,FALSE,FALSE,NA,NA,FALSE,FALSE,46169
10/31/2018 12:43:00 PM,10/31/2018 01:00:00 PM,Alley Pond Park,"Adventure Course Building 40.742163, -73.741118",Raccoon,Employee,Native,Unhealthy,2.75,Adult,Small Mammals-RVS,1-1-1638140064,ACC,1,FALSE,FALSE,NA,NA,FALSE,FALSE,46107
10/29/2018 10:15:00 AM,10/29/2018 10:30:00 AM,Forest Park,Dog run Park Lane South 87th street,Dog,Employee,Domestic,Healthy,2,Juvenile,Domestic,1-1-1631200930,ACC,1,FALSE,FALSE,NA,NA,FALSE,FALSE,45885
10/24/2018 05:20:00 PM,10/24/2018 05:30:00 PM,Cunningham Park,"Soccer Field at 73rd Ave and 210 St. 40.738803, -73.764708",Raccoon,Public,Native,Unhealthy,3,Adult,Small Mammals-RVS,1-1-1631307750,ACC,1,FALSE,FALSE,NA,NA,FALSE,FALSE,45456
10/23/2018 09:00:00 AM,10/23/2018 09:30:00 AM,Linnaeus Park,"40.753933, -73.750389",Raccoon,Central,Native,Unhealthy,2.5,Adult,Small Mammals-RVS,1-1-1634925672,ACC,1,FALSE,FALSE,NA,NA,FALSE,FALSE,45291
10/19/2018 12:00:00 PM,10/19/2018 12:15:00 PM,Playground Eighty LXXX,Within playground according to public,Raccoon,Public,Native,Unhealthy,0.5,Adult,Small Mammals-RVS,NA,Unfounded,0,FALSE,FALSE,NA,NA,FALSE,FALSE,NA
10/16/2018 09:20:00 AM,10/16/2018 09:40:00 AM,Cunningham Park,Sanitation Lot,Raccoon,Employee,Native,Unhealthy,3,Adult,Small Mammals-RVS,1-1-1631200090,ACC,1,FALSE,FALSE,NA,NA,FALSE,FALSE,44628
10/09/2018 01:15:00 PM,10/09/2018 01:30:00 PM,Flushing Meadows Corona Park,Parks Academy,Downy Woodpecker,Central,Native,Injured,3.25,Juvenile,Birds,1-1-1625631511,Rehabilitator,1,FALSE,FALSE,Wild Bird Fund,NA,FALSE,FALSE,NA
10/03/2018 12:05:00 PM,10/03/2018 12:08:00 PM,Alley Pond Park,Near the Alley Pond Adventure Course,Raccoon,Employee,Native,Unhealthy,2.5,Adult,Small Mammals-RVS,1-1-1623412531,ACC,1,FALSE,FALSE,NA,NA,FALSE,FALSE,53288
10/01/2018 03:45:00 PM,10/01/2018 03:50:00 PM,Forest Park,Greenhouse boiler room,Raccoon,Employee,Native,Healthy,1.5,Adult,Small Mammals-RVS,1-1-1625324970,Relocated/Condition Corrected,1,FALSE,FALSE,NA,NA,FALSE,FALSE,NA
10/01/2018 11:00:00 AM,10/01/2018 11:10:00 AM,Forest Park,Golf course,Raccoon,Public,Native,Healthy,0.5,Adult,Small Mammals-RVS,NA,Unfounded,0,FALSE,FALSE,NA,NA,FALSE,FALSE,NA
10/01/2018 09:00:00 AM,10/01/2018 09:10:00 AM,Forest Park,Forest Park Drive towards Park Lane South.,White-tailed Deer,Public,Native,DOA,2,Adult,Deer,1-1-1621981811,Relocated/Condition Corrected,1,FALSE,FALSE,NA,NA,TRUE,FALSE,NA
09/30/2018 10:00:00 AM,09/30/2018 10:15:00 AM,Motor Parkway,Bell Blvd on the Overpass,Raccoon,Public,Native,Unhealthy,2,Adult,Small Mammals-RVS,1-1-1624558117,ACC,1,FALSE,FALSE,NA,NA,FALSE,FALSE,42940
09/29/2018 10:00:00 AM,09/29/2018 10:08:00 AM,Little Bay Park,Cross Island Parkway and Utopia Parkway,Northern Gannet,Employee,Native,Unhealthy,2.5,Adult,Birds,1-1-1619434610,Rehabilitator,1,FALSE,FALSE,Wild Bird Fund,NA,FALSE,FALSE,NA
09/26/2018 03:30:00 PM,09/26/2018 03:40:00 PM,Astoria Park,19th Street Field House,Chicken,Employee,Domestic,Healthy,2.5,Adult,Domestic,1-1-1620474730,ACC,1,FALSE,FALSE,NA,NA,FALSE,FALSE,52333
09/26/2018 11:00:00 AM,09/26/2018 11:20:00 AM,Kissena Park,Across from St. Mary's Cemetery,Bird (Unknown),Central,Native,Injured,1.5,Adult,Birds,NA,Unfounded,0,FALSE,FALSE,NA,NA,FALSE,FALSE,NA
09/26/2018 09:40:00 AM,09/26/2018 10:00:00 AM,Astoria Park,Near pool / 19th Street,Chicken,Central,Domestic,Healthy,1.25,Adult,Domestic,NA,Unfounded,0,FALSE,FALSE,NA,NA,FALSE,FALSE,NA
09/24/2018 11:00:00 AM,09/24/2018 11:30:00 AM,Cunningham Park,Comfort Station Near 73rd Avenue and Francis Lewis Blvd.,Chicken,Employee,Domestic,Injured,1,Juvenile,Domestic;#Birds,1-1-1619568601,ACC,1,FALSE,FALSE,NA,NA,FALSE,FALSE,42420
09/23/2018 12:45:00 PM,09/23/2018 12:50:00 PM,Southern Stables,Behind the barn,Raccoon,Central,Native,Unhealthy,2,Adult,Small Mammals-RVS,NA,Unfounded,0,FALSE,FALSE,NA,NA,FALSE,FALSE,NA
09/21/2018 06:30:00 PM,09/22/2018 10:30:00 AM,Alley Pond Park,73rd Street & Springfield Avenue,Raccoon,Central,Native,Injured,0.5,Adult,Small Mammals-RVS,1-1-1620474184,Unfounded,0,FALSE,FALSE,NA,NA,FALSE,FALSE,NA
09/09/2018 11:55:00 AM,09/20/2018 11:40:00 AM,Baisley Pond Park,158th Street near water,Canada goose,Central,Native,Injured,1.75,Adult,Birds,1-1-1620277070,ACC,1,FALSE,FALSE,NA,NA,FALSE,FALSE,42056
09/17/2018 09:15:00 AM,09/17/2018 09:30:00 AM,PS 153,Back playground perimeter near a garbage can.,Striped Skunk,Central,Native,Unhealthy,1,Adult,Small Mammals-RVS,NA,Unfounded,0,FALSE,FALSE,NA,NA,FALSE,FALSE,NA
09/13/2018 11:30:00 AM,09/13/2018 01:00:00 PM,Cunningham Park,Back Parking Lot,Raccoon,Central,Native,Injured,2,Adult,Small Mammals-RVS,1-1-1617220980,ACC,1,FALSE,FALSE,NA,NA,FALSE,FALSE,NA
09/11/2018 03:45:00 PM,09/11/2018 03:50:00 PM,Flushing Meadows Corona Park,Avenue of Commerce between Avenue of Progress and Promenade of Industry,Red-Tailed Hawk,Employee,Native,Healthy,0.5,Adult,Raptors,NA,Monitored Animal,1,FALSE,FALSE,NA,NA,FALSE,FALSE,NA
09/11/2018 02:30:00 PM,09/11/2018 02:35:00 PM,Flushing Meadows Corona Park,111th Entrance of Park,Dog,Employee,Domestic,Healthy,2,Adult,Domestic,1-1-1613573802,ACC,1,FALSE,FALSE,NA,NA,FALSE,FALSE,50316
09/09/2018 11:55:00 AM,09/09/2018 12:03:00 PM,Baisley Pond Park,158th Street near water,Canada Goose,Central,Native,Injured,2,Adult,Birds,NA,Monitored Animal,1,FALSE,TRUE,NA,1,FALSE,FALSE,NA
09/06/2018 02:15:00 PM,09/06/2018 02:25:00 PM,Baisley Pond Park,"Nearest cross Streets Barron St and 116 Rd, inside the handball court",Dog,Central,Domestic,Unhealthy,3,Adult,Domestic,1-1-1610274844,ACC,1,FALSE,FALSE,NA,NA,FALSE,FALSE,NA
09/05/2018 12:15:00 PM,09/05/2018 01:15:00 PM,Rockaway Beach and Boardwalk,On the beach near shore. Closest Cross street is B44th st,Black Skimmer,Employee,Native,DOA,1,Juvenile,Birds,1-1-1613606980,Relocated/Condition Corrected,1,FALSE,FALSE,NA,NA,FALSE,FALSE,NA
09/02/2018 12:45:00 PM,09/02/2018 12:48:00 PM,Cunningham Park,Maintenance and Operations Office by Tennis Courts,Raccoon,Central,Native,Healthy,2.25,Juvenile,Small Mammals-RVS,1-1-161-111-2542,Relocated/Condition Corrected,1,FALSE,FALSE,NA,NA,FALSE,FALSE,NA
08/24/2018 08:42:00 PM,08/25/2018 01:45:00 PM,Baisley Pond Park,Along Baisley Blvd,Bearded Dragon,Central,Exotic,Healthy,2,Adult,Terrestrial Reptile or Amphibian,1-1-1608597876,Unfounded,0,FALSE,FALSE,NA,NA,FALSE,FALSE,NA
08/21/2018 03:00:00 PM,08/22/2018 09:41:00 AM,St. Michael's Playground,Basketball court,Red-tailed hawk,Other,Native,Unhealthy,4,Juvenile,Raptors,1-1-1607560027,Rehabilitator,1,FALSE,TRUE,Bobby Horvath,1,FALSE,FALSE,NA
08/20/2018 03:00:00 PM,08/22/2018 10:33:00 AM,Kissena Corridor Park,"Ballfield #2, 58th Ave + Peck Ave",Chicken,Employee,Domestic,Healthy,0.5,Adult,Domestic;#Birds,1-1-1607560028,Unfounded,0,FALSE,FALSE,NA,NA,FALSE,FALSE,NA
08/21/2018 08:20:00 AM,08/22/2018 11:06:00 AM,Underhill Playground,playground area,Gerbil,Employee,Domestic,Healthy,0.25,Adult,Domestic;#Small Mammals-non RVS,1-1-1607560029,Unfounded,0,FALSE,FALSE,NA,NA,FALSE,FALSE,NA
08/17/2018 12:00:00 PM,08/17/2018 03:10:00 PM,Rockaway Beach and Boardwalk,"Beach 55th St and surf, near shoreline outside of plover site",Gull (Unknown),Employee,Native,Injured,3.5,Adult,Birds,NA,Monitored Animal,1,FALSE,TRUE,NA,0.5,FALSE,FALSE,NA
08/14/2018 01:00:00 PM,08/15/2018 02:00:00 PM,Rockaway Beach and Boardwalk,Beach 41st Street near Shore,Herring Gull,Employee,Native,Injured,1,Juvenile,Birds,1-1-1604132980,ACC,1,FALSE,FALSE,NA,NA,FALSE,FALSE,38184
08/11/2018 12:00:00 PM,08/11/2018 01:45:00 PM,Rockaway Beach and Boardwalk,Beach 128th St and surf,Gull (Unknown),Employee,Native,Injured,3.5,Adult,Birds,1-1-1597899511,ACC,1,FALSE,FALSE,NA,NA,FALSE,FALSE,37895
08/10/2018 10:05:00 PM,08/11/2018 01:45:00 PM,Rockaway Beach and Boardwalk,Beach 119th St and surf,Gull (Unknown),Central,Native,Injured,2,Adult,Birds,1-1-1601537307,Monitored Animal,1,FALSE,TRUE,NA,0.5,FALSE,FALSE,NA
08/11/2018 03:20:00 PM,08/11/2018 04:12:00 PM,Flushing Meadows Corona Park,Boathouse,Raccoon,Employee,Native,Healthy,1,Infant,Small Mammals-RVS,1-1-1597899500,Relocated/Condition Corrected,1,FALSE,FALSE,NA,NA,FALSE,FALSE,NA
08/10/2018 09:10:00 AM,08/10/2018 09:20:00 AM,Fort Totten Park,In front of the pool near Story Rd,Raccoon,Central,Native,Healthy,0.75,Adult;#Juvenile,Small Mammals-RVS,1-1-1602446910,Relocated/Condition Corrected,3,FALSE,FALSE,NA,NA,FALSE,FALSE,NA
08/06/2018 03:30:00 PM,08/06/2018 03:30:00 PM,Evergreen Park,NA,House Sparrow,Central,Native,Injured,3,Juvenile,Birds,1-1-1599116094,ACC,1,FALSE,FALSE,NA,NA,FALSE,FALSE,45070
08/06/2018 04:15:00 PM,08/07/2018 03:15:00 PM,Baisley Pond Park,Parking Lot,Green Iguana,Employee,Exotic,Healthy,2.5,Adult,Terrestrial Reptile or Amphibian,1-1-1599178290,Unfounded,0,FALSE,FALSE,NA,NA,FALSE,FALSE,NA
07/31/2018 10:00:00 AM,07/31/2018 11:15:00 AM,Forest Park,Giovanelli Playground,raccoon,Central,Native,Unhealthy,0.25,Juvenile,Small Mammals-RVS,1-1-592-927-621,ACC,1,FALSE,FALSE,NA,NA,FALSE,FALSE,44138
07/29/2018 03:15:00 PM,07/29/2018 03:15:00 PM,Cunningham Park,Yellow Picnic Area,Eastern Red Bat,Employee,Native,Healthy,1.25,Juvenile,Small Mammals-RVS,NA,Relocated/Condition Corrected,1,FALSE,FALSE,NA,NA,FALSE,FALSE,NA
07/28/2018 12:30:00 PM,07/28/2018 12:45:00 PM,Socrates Sculpture Park,"Fence along southern border of park, accessed from Costco Parking Lot",Virginia Opossum,Central,Native,Healthy,1.75,Adult,Small Mammals-non RVS,1-1-1594452514,Relocated/Condition Corrected,1,FALSE,FALSE,NA,NA,FALSE,TRUE,NA
07/24/2018 04:40:00 PM,07/24/2018 05:00:00 PM,Brookville Park,NA,Raccoon,Central,Native,Healthy,2,Juvenile,Small Mammals-RVS,1-1-1593919394,Relocated/Condition Corrected,1,FALSE,FALSE,NA,NA,FALSE,FALSE,NA
07/20/2018 05:51:00 PM,07/21/2018 03:45:00 PM,Alley Pond Park,Alley Pond Park,Red-Eared Slider,Central,Invasive,Injured,0.5,Adult,Terrestrial Reptile or Amphibian,111591900350,Unfounded,0,FALSE,FALSE,NA,NA,FALSE,FALSE,NA
07/19/2018 10:15:00 AM,07/19/2018 12:25:00 PM,Alley Pond Park,Tennis Center,Raccoon,"Conservancies/""Friends of"" Groups",Native,Injured,0.25,Juvenile,Small Mammals-RVS,1-1-1588253180,Unfounded,0,FALSE,FALSE,NA,NA,FALSE,FALSE,NA
07/18/2018 08:35:00 PM,07/19/2018 09:35:00 AM,Alley Pond Park,park,Chicken,Central,Domestic,Healthy,0.25,Adult,Domestic;#Birds,1-1-1591518774,Unfounded,0,FALSE,FALSE,NA,NA,FALSE,FALSE,NA
07/15/2018 01:15:00 PM,07/15/2018 01:46:00 PM,Astoria Park,Tennis Courts,Red-tailed Hawk,Central,Native,Injured,1,Juvenile,Raptors,1-11-587739991,Unfounded,0,FALSE,FALSE,NA,NA,FALSE,FALSE,NA
07/16/2018 02:40:00 PM,07/16/2018 02:50:00 PM,Alley Pond Park Tennis Courts Near Court 16,Tennis courts,Raccoon,Central,Native,Unhealthy,2,Adult,Small Mammals-RVS,NA,Unfounded,0,FALSE,FALSE,NA,NA,FALSE,FALSE,NA
07/13/2018 10:43:00 AM,07/13/2018 10:44:00 AM,Fort Totten Park,FDNY area,Red-Eared Slider,Employee,Invasive,DOA,0.5,Juvenile,Terrestrial Reptile or Amphibian,1-11-588703713,Relocated/Condition Corrected,1,FALSE,FALSE,NA,NA,FALSE,FALSE,NA
07/11/2018 03:00:00 PM,07/11/2018 03:10:00 PM,Rockaway Beach and Boardwalk,NA,American Oystercatcher,Employee,Native,Injured,3,Adult,Birds,1-11-5842988950,Rehabilitator,1,FALSE,FALSE,Bobby Horvath,NA,FALSE,FALSE,NA
07/05/2018 11:30:00 AM,07/05/2018 12:16:00 PM,Forest Park,NA,Raccoon,Employee,Native,DOA,2,Adult,Small Mammals-RVS,NA,Relocated/Condition Corrected,3,FALSE,FALSE,NA,NA,FALSE,FALSE,NA
07/05/2018 02:05:00 PM,07/05/2018 02:49:00 PM,Rockaway Beach and Boardwalk,NA,Peregrine Falcon,Employee,Native,Injured,3,Adult,Raptors,1-11-582650930,Rehabilitator,1,FALSE,FALSE,Bobby Horvath,NA,FALSE,FALSE,NA
07/04/2018 10:30:00 AM,07/04/2018 10:35:00 AM,Flushing Meadows Corona Park,NA,Rock Dove,Employee,Native,Injured,1,Adult,Birds,NA,Relocated/Condition Corrected,NA,FALSE,FALSE,NA,NA,FALSE,FALSE,NA
